frame,t_sec,danger_raw,danger_smoothed,category,shot_score,shot_signal_kmh,set_piece_confidence,attacking_team,n_attackers,n_defenders,count_anomaly,ball_dist_to_goal_m,closing_speed_kmh,ball_speed_kmh,hull_area_m2,score_ball_proximity,score_space_control,score_compactness,score_numerical_advantage,score_ball_velocity
39000,0.0,47.60455920470972,50.54359051680814,NONE,,10.044820613423227,,2,9,9,False,12.610853279779542,0.0,20.64937478253139,569.9777668968745,88.57376895895221,18.73015873015873,18.999258896562484,40.0,50.0
39001,0.04,47.718303290734426,50.576558416788494,NONE,,13.386151382633074,,2,9,9,False,12.387635043925693,20.089641226846453,20.64937478253139,575.3393917590365,88.77601880508522,17.3015873015873,19.177979725301217,30.0,62.55602576677903
39002,0.08,49.257279065646934,50.44528309169294,NONE,,15.0513180011676,,2,9,9,False,12.164648233691773,20.068812921052768,20.649374782531233,587.2756837555335,88.97805896496276,16.984126984126984,19.575856125184448,40.0,62.54300807565798
39003,0.12,52.53460094399629,50.3719195272979,NONE,,20.0572101661081,,2,10,9,False,11.941905813060982,20.046817856771177,20.64937478253139,580.2496924410516,89.17987769239578,30.0,19.34165641470172,40.0,62.52926116048199
39004,0.16,54.10756811737013,50.31454872446098,NONE,,20.034542301079156,,2,10,8,False,11.719421716841405,20.023568659762,20.64937478253139,591.1204773460122,89.3814623615664,29.841269841269842,19.70401591153374,50.0,62.51473041235125
39005,0.2,52.03923247839132,50.38993302488637,NONE,,20.010568197050922,,2,10,8,False,11.497210941655508,19.998969766730674,20.649374782531233,600.754992334063,89.58279938458573,27.142857142857142,20.025166411135434,40.0,62.49935610420667
39006,0.24,50.77436581667063,50.4048678668566,NONE,,16.474871834188853,,2,10,9,False,11.275289647156177,19.972916504939846,20.64937478253139,612.3961507269778,89.78387411978575,27.61904761904762,20.413205024232592,30.0,62.483072815587406
39007,0.28,49.52635581602412,50.472239027208,NONE,,12.934735617327053,,2,10,9,False,11.209689287097033,5.904032405322894,8.717153561140302,615.0829348988409,89.84331219695484,27.77777777777778,20.502764496628032,30.0,53.69002025332681
39008,0.32,49.78501101213754,51.388826781427234,NONE,,9.390316135993228,,2,10,9,False,11.144544578293536,5.863023792314799,8.717153561140478,616.4223242984081,89.90233742525434,28.730158730158728,20.547410809946935,30.0,53.66438987019675
39009,0.36,49.7982114989286,51.517863141301056,NONE,,5.841793203043144,,2,10,9,False,11.079863557833587,5.821291841395375,8.717153561140302,608.3920819606701,89.96094252257404,28.888888888888886,20.27973606535567,30.0,53.63830740087211
39010,0.4,51.143776029140334,51.01870220448567,NONE,,5.799687795288584,,2,10,8,False,11.015654393687592,5.778824773139508,8.717153561140302,622.4296392133474,90.01912008821596,27.936507936507937,20.747654640444914,40.0,53.611765483212196
39011,0.44,50.569151128529164,49.88104118014061,NONE,,5.756841349688178,,2,10,8,False,10.951925385084207,5.735610774304654,8.717153561140478,631.8344976931276,90.07686260255372,25.396825396825395,21.061149923104253,40.0,53.58475673394041
39012,0.48,48.41301312892658,48.66688985237949,NONE,,22.204014460905093,,2,10,9,False,10.888684962751839,5.691638009913174,8.717153561140302,640.8505405064789,90.13416242681397,22.53968253968254,21.361684683549296,30.0,53.557273756195734
39013,0.52,58.717356341365175,47.09603117717068,NONE,,18.056672694142616,,2,10,8,False,10.09301847068225,71.60998428626304,71.62953942171096,551.0661675598421,90.85508661555103,33.96825396825397,18.368872251994738,40.0,94.75624017891441
39014,0.56,50.805715384132725,45.36041067369109,NONE,,4.584813441645178,,2,10,8,False,10.213135607281254,-10.810542293910412,13.204863516289162,552.3989048180556,90.74625288921072,33.33333333333333,18.413296827268518,40.0,43.243411066305995
39015,0.6,46.54466970221177,43.46256026954624,NONE,,-8.17126055038992,,2,10,8,False,10.748155898788866,-48.15182623568509,83.97711180923307,572.2817194955496,90.26149065093959,30.476190476190478,19.076057316518323,40.0,19.905108602696817
39016,0.64,40.45563582522942,41.426109892360095,NONE,,-36.702129042148016,,2,9,7,False,14.646282544923395,-350.83139815210757,568.1643865093134,444.4975471846665,86.72954125006792,12.857142857142856,14.81658490615555,60.0,0.0
39017,0.68,37.469416545257886,39.68171311552968,NONE,,-43.92307381949829,,2,9,7,False,19.8295409057755,-466.4932524766894,568.164386509314,452.8448181757831,82.03318119713626,12.380952380952381,15.094827272526102,50.0,0.0
39018,0.72,31.92406171416482,37.98921827297099,NONE,,-41.10390554204042,,2,9,9,False,25.526734136370795,-512.7473907535767,568.1643865093137,555.0822074369316,76.87116363226193,6.349206349206349,18.502740247897723,30.0,0.0
39019,0.76,28.69890977426912,36.60230919105937,NONE,,-38.284737264582546,,2,7,9,False,31.45987892206724,-533.98303071268,568.164386509314,548.4731115686573,71.49535902829774,6.031746031746032,18.282437052288575,20.0,0.0
39020,0.8,27.01080616239932,34.49091453022231,NONE,,-35.46556898712468,,2,7,9,False,37.51719833490157,-545.1587471550898,568.1643865093134,548.0877775397748,66.00704435482159,5.873015873015873,18.26959258465916,20.0,0.0
39021,0.84,25.36080697269477,33.064792384741104,NONE,,-32.646400709666814,,2,7,9,False,43.64702421696799,-551.6843293859779,568.1643865093137,559.2650548883594,60.45303423227182,5.714285714285714,18.642168496278646,20.0,0.0
39022,0.88,30.21101470717543,32.01646449394275,NONE,,-30.548941299938903,,2,7,9,False,43.962775864673326,-28.417648293480013,32.82108096663713,563.4299497613974,60.16694325981895,6.031746031746032,18.78099832537991,20.0,32.23896981657499
39023,0.92,30.259213017824806,31.217103719545005,NONE,,-29.172830580161502,,2,7,9,False,44.27927937008379,-28.48531548694197,32.82108096663799,575.6716880821841,59.88017105671036,6.349206349206349,19.189056269406137,20.0,32.196677820661264
39024,0.96,31.770104145987204,30.850267383560123,NONE,,-28.51771772287858,,2,8,9,False,44.59651872529808,-28.551541969286163,32.82108096663713,580.4649801611686,59.59273212711758,6.666666666666667,19.348832672038952,30.0,32.15528626919615
39025,1.0,33.380620411320514,31.298251252464464,NONE,,-28.583260979551852,,2,8,9,False,44.91447833798482,-28.61636514180617,32.82108096663713,597.2596356093454,59.304640598679434,7.142857142857142,19.908654520311515,40.0,32.11477178637114
39026,1.04,33.69224963835812,31.84893148830432,NONE,,-28.647418549453718,,2,8,9,False,45.233143019320075,-28.679821320173104,32.82108096663799,779.6864078634226,59.01591023343153,11.11111111111111,25.989546928780754,30.0,32.07511167489181
39027,1.08,33.96473501263161,32.554909310292594,NONE,,-35.385519175246394,,2,8,9,False,45.552497972281735,-28.741945766549435,32.82108096663713,805.0906161697894,58.726554438412194,12.063492063492063,26.836353872326313,30.0,32.03628389590661
39028,1.12,30.86330653245644,33.459682135721714,NONE,,-36.14738496339008,,2,8,9,False,46.169208466420145,-55.503944472456865,73.26062119768447,823.2937229001836,58.16777570749452,10.0,27.44312409667279,30.0,15.31003470471446
39029,1.16,33.06738051343931,33.95988737927582,NONE,,-27.215829375536998,,2,8,9,False,46.521028780802155,-31.66382829438092,33.055619372845364,828.2961208267934,57.84900424073671,10.158730158730158,27.609870694226444,30.0,30.210107316011925
39030,1.2,37.29986814101692,34.46512584629121,NONE,,-22.785841968086956,,2,9,10,False,46.44273543601061,7.046401031239213,25.929187220999967,847.8951261913498,57.91994296523991,18.095238095238095,28.263170873044995,20.0,54.40400064452451
39031,1.24,35.30707260434738,34.781534522456965,NONE,,-11.665356201800295,,2,9,10,False,46.56520205975227,-11.021996136749266,11.023000733016765,842.3952639977942,57.80898045488123,17.142857142857142,28.07984213325981,20.0,43.111252414531705
39032,1.28,35.482540026258626,35.13203404646723,NONE,,-6.504900787331367,,2,9,10,False,46.68766874205571,-11.022001407310213,11.023000733016426,884.1466010082222,57.69801789146187,17.142857142857142,29.47155336694074,20.0,43.11124912043112
39033,1.32,36.21808087784425,35.46664432034996,NONE,,-11.022004001332169,,2,9,10,False,46.81013548246133,-11.02200663650521,11.023000733016223,887.1189755429186,57.58705527539827,20.158730158730158,29.57063251809729,20.0,43.11124585218424
39034,1.36,36.213477629824595,35.62962158142354,NONE,,-11.022009210273447,,2,9,10,False,46.93260228051426,-11.022011824763993,11.023000733016426,892.8561833165822,57.47609260710256,20.158730158730158,29.761872777219406,20.0,43.111242609522506
39035,1.4,36.322074622009495,36.155309315547264,NONE,,-11.022014378489542,,2,9,10,False,47.05506913576442,-11.022016972514379,11.023000733016765,929.1699494175919,57.36512988698254,20.0,30.97233164725306,20.0,43.11123939217851
39036,1.44,35.567008259976326,36.55695866990498,NONE,,-11.022019506403796,,2,9,10,False,47.17753604776636,-11.022022080174594,11.023000733016426,832.4335866910787,57.2541671154418,19.047619047619047,27.74778622303596,20.0,43.11123619989088
39037,1.48,37.586614699443714,36.47525353877055,NONE,,-11.022024594434432,,2,9,9,False,47.30000301607927,-11.022027148162223,11.023000733016223,847.7746437249516,57.143204292879766,20.952380952380953,28.25915479083172,30.0,43.11123303239861
39038,1.52,37.70757292495081,36.223946668027274,NONE,,-11.022029642993603,,2,9,9,False,47.4224700402669,-11.02203217688654,11.023000733016426,870.6876475697263,57.03224141969171,21.11111111111111,29.022921585657546,30.0,43.11122988944591
39039,1.56,35.92046214551462,35.981061620317085,NONE,,-11.76361140839951,,2,9,10,False,47.54493711989747,-11.022037166751062,11.023000733016765,875.4789162033758,56.92127849626883,20.0,29.182630540112527,20.0,43.11122677078059
39040,1.6,37.17155934194112,35.67544235436924,NONE,,-10.894413106255028,,2,9,9,False,47.700363221473005,-13.988349141798224,25.218277597422603,897.7027659273408,56.780452613435116,19.841269841269842,29.923425530911363,30.0,41.25728178637611
39041,1.64,37.88717276573185,35.435855178084545,NONE,,-9.84543749521652,,2,9,9,False,47.78419915413505,-7.545233939584293,19.006005874631246,900.7651564241896,56.704491953606166,20.317460317460316,30.025505214139653,30.0,45.284228787759815
39042,1.68,36.31940656740386,35.234061560873876,NONE,,-13.056720695486808,,2,9,10,False,47.8600450400543,-6.826129732732511,7.673501813632832,909.5980149400621,56.63577078170767,19.682539682539684,30.319933831335398,20.0,45.73366891704218
39043,1.72,32.291390155428005,35.10871036986095,UNCERTAIN,,-15.526665685177734,,2,8,10,False,48.12523581747466,-23.86716996783221,23.95451854053551,929.9945064963522,56.39549115704352,9.841269841269842,30.99981688321174,20.0,35.08301877010487
39044,1.76,32.567919453736444,34.88729744883004,UNCERTAIN,,-19.607625337733424,,2,8,10,False,48.39043725192535,-23.86812910056193,23.954518540535393,928.3071353046289,56.15520187643555,11.26984126984127,30.94357117682096,20.0,35.082419312148794
39045,1.8,32.55064968646998,34.645639772540015,UNCERTAIN,,-23.868593068312705,,2,8,10,False,48.65564916914543,-23.869072549807058,23.95451854053551,963.0983220538274,55.9149030977752,10.793650793650794,32.103277401794244,20.0,35.08182965637059
39046,1.84,33.338431514408356,34.56769401499559,UNCERTAIN,,-23.869529013018123,,2,8,10,False,48.92087139864598,-23.870000655049637,23.954518540535005,1063.6620055205676,55.67459497553623,12.222222222222221,35.45540018401892,20.0,35.08124959059398
39047,1.88,33.90055121548141,34.439200545016156,UNCERTAIN,,-23.870449774415654,,2,8,10,False,49.1861037736088,-23.870913746653883,23.9545185405359,1127.0300415908796,55.43427766086646,13.492063492063492,37.567668053029315,20.0,35.080678908341326
39048,1.92,34.06279396782125,34.2207226492882,UNCERTAIN,,-23.87135567859756,,2,8,10,False,49.45134613078827,-23.87181214615204,23.954518540535005,1086.6134312992326,55.19395130167677,15.238095238095239,36.220447709974415,20.0,35.08011740865498
39049,1.96,34.92965964707279,34.305234457683795,UNCERTAIN,,-23.872247042962442,,2,8,9,False,49.71659831041643,-23.872696166534695,23.95451854053551,1085.5343691798107,54.953616042727035,13.015873015873018,36.18447897266036,30.0,35.079564895915816
39050,2.0,34.8076808094705,34.541513775078556,UNCERTAIN,,-23.873124176492567,,2,8,9,False,49.981860156110976,-23.873566112509153,23.954518540535393,1083.5120621039314,54.713272025709536,12.857142857142856,36.11706873679771,30.0,35.07902117968178
39051,2.04,34.98511305498154,34.94223103726472,UNCERTAIN,,-23.873987380019784,,2,8,9,False,50.24713151478625,-23.874422280774397,23.95451854053551,1101.6896907978808,54.47291938932955,13.492063492063492,36.72298969326269,30.0,35.078486074516
39052,2.08,35.629637702187885,35.411053594422434,UNCERTAIN,,-23.874836946480485,,2,8,9,False,50.512412236566924,-23.875264960260907,23.95451854053551,1102.1749448191367,54.23255826938358,16.349206349206348,36.73916482730456,30.0,35.077959399836935
39053,2.12,35.26543801699642,35.62007956231631,UNCERTAIN,,-23.875673161164706,,2,8,9,False,50.77770217470445,-23.8760944323775,23.954518540535393,1131.0743159175236,53.99218879883514,14.603174603174605,37.702477197250786,30.0,35.07744097976406
39054,2.16,37.33354826815098,36.008440837068285,UNCERTAIN,,-23.876496301951754,,2,9,9,False,51.043001185496074,-23.87691097124602,23.95451854053551,1114.6898932646045,53.751811107888,23.49206349206349,37.15632977548682,30.0,35.076930642971234
39055,2.2,35.12674196416511,36.404130439870535,UNCERTAIN,,-23.877306639541267,,2,8,9,False,51.308309128206325,-23.877714843922604,23.954518540535005,1124.2747886178886,53.51142532405741,14.761904761904763,37.475826287262954,30.0,35.07642822254837
39056,2.24,37.37652659997042,36.64164323178552,UNCERTAIN,,-23.87810443767362,,2,8,9,False,51.57362586499098,-23.878506310618945,23.9545185405359,1461.6860539044865,53.27103157223896,17.3015873015873,48.72286846348288,30.0,35.07593355586316
39057,2.28,38.176520372362525,37.10967017195774,UNCERTAIN,,-23.87888995334341,,2,8,9,False,51.83895126082328,-23.879285624906927,23.954518540535005,1493.266373516477,53.03062997477542,20.158730158730158,49.77554578388256,30.0,35.07544648443317
39058,2.32,35.846743129134936,37.990448157226346,UNCERTAIN,,-23.87966343700485,,2,8,9,False,52.10428518342245,-23.88005303392518,23.95451854053551,1460.7974922329013,52.79022065152156,17.77777777777778,48.693249741096714,20.0,35.07496685379677
39059,2.36,38.56088651250507,38.53681742002322,UNCERTAIN,,-23.880425132770192,,2,8,9,False,52.36962750318432,-23.880808778568365,23.954518540535393,1511.7161486666591,52.54980371990694,21.904761904761905,50.39053828888864,30.0,35.07449451339477
39060,2.4,38.811069201448184,38.94568717265323,NONE,,-25.40477499222,,2,8,9,False,52.6349780931141,-23.88155309368031,23.95451854053551,1528.5730602391868,52.30937929499688,22.857142857142858,50.95243534130623,30.0,35.07402931644981
39061,2.44,37.77981315005273,38.29987240247382,NONE,,-19.740321785753864,,2,8,9,False,52.96805237158861,-29.97668506270614,46.66148144006725,1534.0778360670329,52.00759292295318,21.26984126984127,51.1359278689011,30.0,31.264571835808663
39062,2.48,40.424004091537036,38.706664275152995,NONE,,-2.8843428796742803,,2,8,9,False,52.98163281834484,-1.2222402080606543,45.46995147795472,1508.6354521112607,51.995288178870084,21.58730158730159,50.28784840370869,30.0,49.23609986996209
39063,2.52,45.55444887820483,38.96427442370172,NONE,,4.510612301913143,,2,9,9,False,52.49782052005873,43.543106845749975,53.456060540469664,1565.8976756420097,52.433652735024374,23.65079365079365,52.19658918806699,30.0,77.21444177859374
39064,2.56,42.18606885575036,38.86367018591033,NONE,,8.570304402688686,,2,9,9,False,52.43450643525129,5.698267632669385,5.720825165424329,1574.5608885594265,52.491019302148125,24.126984126984127,52.48536295198088,30.0,53.56141727041837
39065,2.6,40.17187504855652,39.17911274571704,NONE,,8.397002001608495,,2,9,9,False,52.58714995369134,-13.737916659603968,18.952245597719113,1584.1314034697898,52.35271461570704,23.333333333333332,52.804380115659654,30.0,41.41380208774752
39066,2.64,29.583771025998118,39.30538355569184,NONE,,-0.012020451118715414,,2,9,10,False,54.53927685797597,-175.69142138561696,181.6688527890177,1653.1449296180454,50.58396411683583,18.571428571428573,55.10483098726818,10.0,0.0
39067,2.68,40.00824443631524,39.43850051914509,NONE,,1.9191969843161623,,2,9,9,False,54.42919889092218,9.907017034841132,10.343830185926981,1666.9337067037359,50.683701720325544,20.158730158730158,55.564456890124525,20.0,56.19188564677571
39068,2.72,40.467848382555076,39.588198768772465,NONE,,-0.1407669711790831,,2,9,9,False,54.280052920095414,13.423137374408896,15.017308933069687,1668.9460824923217,50.81883740731672,20.476190476190474,55.63153608307739,20.0,58.38946085900556
39069,2.76,36.969269518865836,39.521671720123216,NONE,,1.8933834508947296,,2,9,9,False,54.524250392113025,-21.97777248158495,28.499689698729693,1685.955410932189,50.59757904572854,19.682539682539684,56.19851369773963,20.0,36.263892199009405
39070,2.8,39.632053846815445,39.03416151141031,NONE,,1.7940837424207619,,2,9,9,False,54.45512648238065,6.221151875913833,6.947513391916434,1686.02460665117,50.66020968185917,19.682539682539684,56.20082022170566,20.0,53.88821992244615
39071,2.84,40.076136232202686,39.05661514717618,NONE,,1.3734747782752184,,2,9,9,False,54.34946183570348,9.509818200945261,13.156789225978986,1699.4977508396078,50.755948537828566,19.841269841269842,56.649925027986924,20.0,55.943636375590785
39072,2.88,40.40847276288716,39.312429594624774,NONE,,7.619257810750783,,2,9,9,False,54.219009596616516,11.740701517826722,13.012861326871423,1701.1710999222014,50.87414652099118,20.158730158730158,56.70570333074004,20.0,57.3379384486417
39073,2.92,39.57619214558129,40.53198665365857,NONE,,6.800793876305599,,2,9,9,False,54.18561671163521,3.0053596483173095,17.08853446824201,1712.5602883808406,50.90440258776625,19.841269841269842,57.085342946028014,20.0,51.87834978019832
39074,2.96,39.62567950774605,40.83012684035476,NONE,,5.145621132980304,,2,9,9,False,54.15286897676707,2.9472961381330975,17.08853446824201,1721.7661604327623,50.934074107716,19.841269841269842,57.39220534775874,20.0,51.842060086333184
39075,3.0,39.70432637364997,41.09542265297507,NONE,,2.9181594408548523,,2,9,9,False,54.12076756312658,2.8891272276440816,17.08853446824201,1736.841045963978,50.96316001973662,19.841269841269842,57.89470153213261,20.0,51.80570451727755
39076,3.04,42.45551248494072,41.65985107524278,NONE,,2.85993966714676,,2,9,9,False,54.08931362146741,2.8308547493249137,17.08853446824201,2024.5561595997024,50.99165928117244,25.07936507936508,67.48520531999009,20.0,51.76928421832807
39077,3.08,43.241648417939686,41.99553466835054,NONE,,2.801617259618345,,2,9,9,False,54.058508281984246,2.7724805534849395,17.08853446824201,2046.282532241471,51.019570867995576,27.77777777777778,68.20941774138237,20.0,51.732800345928084
39078,3.12,44.21845573440362,42.29068966937318,NONE,,0.9998662361035588,,2,10,9,False,54.02835265411736,2.7140065080194375,17.08853446824201,2026.8152951817783,51.04689377498296,32.06349206349206,67.56050983939261,20.0,51.69625406751215
39079,3.16,43.58592667666953,42.54615757582586,NONE,,-0.7873508547429768,,2,10,9,False,54.0763290637442,-4.317876866415062,4.3943354518303295,2034.7654766794303,51.003424112085916,32.06349206349206,67.82551588931435,20.0,47.301326958490584
39080,3.2,43.651398133998846,42.8934144137642,NONE,,-2.56000849270732,,2,10,9,False,54.12430699278932,-4.318013614061229,4.394335451831151,2042.5340866023207,50.95995307249975,32.22222222222222,68.08446955341068,20.0,47.301241491211734
39081,3.24,43.74241058607832,43.93122697767592,NONE,,-4.318081624868453,,2,10,9,False,54.17228643721568,-4.318149998372434,4.3943354518303295,2047.474463108083,50.9164806598823,32.53968253968254,68.24914877026943,20.0,47.30115625101723
39082,3.28,43.660256964108605,44.3178633637233,NONE,,-4.318217828787157,,2,10,9,False,54.220267393000405,-4.318286020625095,4.3943354518303295,2049.527731924618,50.873006877878545,32.22222222222222,68.31759106415393,20.0,47.30107123710931
39083,3.32,43.617996244474355,44.4490655305028,NONE,,-4.318353671278333,,2,10,9,False,54.26824985613474,-4.318421682089877,4.394335451831151,2051.6231484522145,50.82953173012066,32.06349206349206,68.38743828174049,20.0,47.30098644869383
39084,3.36,43.47408764031934,44.49431164440949,NONE,,-4.003907779585985,,2,10,9,False,54.316233822623914,-4.318556984025932,4.3943354518303295,2057.1985868720944,50.78605522022814,31.428571428571427,68.57328622906982,20.0,47.300901884983794
39085,3.4,43.7432742008414,44.48162723596994,NONE,,23.667908514272824,,2,10,9,False,54.35023789408617,-3.0603664316030432,3.5324552893524777,2065.4838927330834,50.75524537982765,31.9047619047619,68.84946309110278,20.0,48.0872709802481
39086,3.44,52.0794302746866,44.66174374973699,NONE,,23.952212522457952,,2,10,9,False,53.16836034792161,106.36897915481015,120.05464238906077,2063.462838782669,51.826101221625144,32.857142857142854,68.78209462608898,20.0,100.0
39087,3.48,44.34396300621853,44.878748049087186,NONE,,23.440809525118862,,2,10,9,False,53.20370707735883,-3.1812056493493657,3.6060489150581656,2070.002065486911,51.79407484814076,33.01587301587301,69.0000688495637,20.0,48.01174646915665
39088,3.52,44.02993848629475,45.0309199133888,NONE,,21.337922010411674,,2,10,9,False,53.274420065951965,-6.3641689733822915,7.2124170513616805,2078.6584582920623,51.730004406011055,32.857142857142854,69.28861527640208,20.0,46.02239439163607
39089,3.56,43.78460178482008,45.19622224461789,NONE,,-7.323594753032037,,2,10,9,False,53.40188580473454,-11.471916490431795,11.55814726347351,2084.6718578174673,51.614512381099246,33.80952380952381,69.48906192724891,20.0,42.83005219348013
39090,3.6,44.06624283312893,45.385508436561516,NONE,,-3.7904504693303664,,2,10,9,False,53.49385344805637,-8.277087898964695,8.282050244011742,2094.03324957967,51.53118387686704,33.65079365079365,69.80110831932234,20.0,44.82682006314707
39091,3.64,45.747324841874104,45.34922666198447,UNCERTAIN,,0.5372308524877667,,2,10,9,False,53.3721715426624,10.951371485457315,11.958656736164356,2094.8469792639326,51.64143538274855,33.01587301587301,69.82823264213108,20.0,56.844607178410826
39092,3.68,46.25544972620121,45.294765932767525,UNCERTAIN,,6.14063699312986,,2,10,9,False,53.25054313917473,10.946556313890241,11.958656736164356,2086.775455635495,51.75163841251753,35.079365079365076,69.5591818545165,20.0,56.8415976961814
39093,3.72,45.5684729576977,44.55997769003094,UNCERTAIN,,10.944115585750964,,2,10,9,False,53.12896860503988,10.941708072136578,11.958656736164356,2085.7188960812164,51.8617926332442,32.22222222222222,69.52396320270722,20.0,56.83856754508536
39094,3.76,45.643884938857646,44.365805872047275,UNCERTAIN,,10.939250519483359,,2,10,9,False,53.00744831091188,10.936826471519723,11.958656736164356,2102.2230257103774,51.97189770909256,32.06349206349206,70.07410085701258,20.0,56.83551654469983
39095,3.8,45.889430547797886,44.204908789073436,UNCERTAIN,,10.934351947028649,,2,10,9,False,52.88598263068536,10.931911220386894,11.958656736164356,2113.0749411792644,52.0819533012904,32.698412698412696,70.43583137264214,20.0,56.83244451274181
39096,3.84,43.03870634539474,44.08388032479013,UNCERTAIN,,10.92941957521063,,2,10,9,False,52.76457194152901,10.9269620240714,11.95865673616384,2012.613028311509,52.19195906809904,23.174603174603174,67.08710094371698,20.0,56.82935126504462
39097,3.88,43.08974545023811,43.95016396125277,UNCERTAIN,,10.924453107823844,,2,10,9,False,52.64321662391941,10.921978584864505,11.958656736164356,2016.3169529642983,52.3019146647826,23.174603174603174,67.21056509880994,20.0,56.82623661554032
39098,3.92,43.261971361847685,43.67061852339311,UNCERTAIN,,10.91945224559872,,2,10,9,False,52.52191706167527,10.916960601972576,11.958656736164356,2020.4523939282462,52.41181974357705,23.65079365079365,67.34841313094154,20.0,56.82310037623286
39099,3.96,42.01390119041442,43.363558242609095,UNCERTAIN,,10.914416686167048,,2,10,10,False,52.400673641992086,10.911907771486398,11.958656736164356,2056.4053396717973,52.52167395365879,23.809523809523807,68.54684465572657,10.0,56.819942357179
39100,4.0,42.09917349060865,43.13089635999833,UNCERTAIN,,10.909346124025046,,2,8,10,False,52.279486755477144,10.906819786344712,11.958656736164356,2035.2209884387712,52.63147694111288,24.444444444444443,67.8406996146257,10.0,56.81676236646545
39101,4.04,42.33226021342052,43.92571400950347,UNCERTAIN,,10.904240250498347,,2,8,10,False,52.15835679618496,10.901696336296496,11.958656736164356,2043.603281476232,52.74122834890098,25.07936507936508,68.12010938254107,10.0,56.81356021018531
39102,4.08,42.46164647068057,44.69777617830644,UNCERTAIN,,10.899098753704592,,2,8,10,False,52.03728416165312,10.896537107865782,11.958656736164356,2055.0587924491338,52.85092781682893,25.238095238095237,68.50195974830446,10.0,56.81033569241612
39103,4.12,42.39277958755817,45.71295516927662,UNCERTAIN,,10.893921318516497,,2,8,10,False,51.91626925293855,10.89134178431138,11.958656736164356,2058.6135220697324,52.960574981513744,24.761904761904763,68.62045073565774,10.0,56.807088615194615
39104,4.16,42.57072635679311,46.708120229538565,UNCERTAIN,,10.888707626524443,,2,8,10,False,51.79531247465419,10.886110045592332,11.958656736164356,2063.9157775179738,53.0701694763505,25.238095238095237,68.79719258393246,10.0,56.803818778495206
39105,4.2,42.77653036636846,47.70416738652046,UNCERTAIN,,7.462695075420065,,2,9,10,False,51.6744142350061,10.880841568328279,11.958656736164356,2066.856844328022,53.17971093147869,25.873015873015877,68.89522814426739,10.0,56.80052598020517
39106,4.24,55.181696732919335,48.63749948767448,UNCERTAIN,,4.032206749071499,,1,10,9,False,64.96942636045844,-2.8075130965517303,11.958656736164356,1687.6315627028825,41.13358868513327,66.66666666666666,56.25438542342942,70.0,48.24530431465517
39107,4.28,55.15417657343357,49.72602002120809,UNCERTAIN,,0.5972601294627644,,1,10,9,False,65.00087759958159,-2.8306115210828864,11.95865673616384,1684.27043503172,41.10509187236608,66.66666666666666,56.14234783439066,70.0,48.23086779932319
39108,4.32,55.22085423703684,50.79778722786663,UNCERTAIN,,-2.842127168705879,,1,10,9,False,65.03258511550206,-2.8536764328426045,11.958656736164356,1723.5716996031024,41.076362856604256,66.19047619047619,57.45238998677008,70.0,48.216452229473376
39109,4.36,55.031726173381415,51.717973863497576,UNCERTAIN,,-2.8651751170544415,,1,10,9,False,65.06454853355035,-2.8767076243462952,11.958656736164356,1687.9155744696436,41.04740197732204,66.19047619047619,56.263852482321454,70.0,48.202057734783565
39110,4.4,55.21453724563047,52.78369709503885,UNCERTAIN,,-2.888189243239694,,1,10,10,False,65.09676747677197,-2.89970488994598,11.958656736164356,1710.787515851911,41.018209576064066,66.5079365079365,57.02625052839703,70.0,48.187684443783766
39111,4.44,53.21388640426267,53.12515826559471,UNCERTAIN,,-2.9111693425313234,,1,10,10,False,65.1292415659478,-2.9226680258238957,11.958656736164356,1684.2818925828642,40.98878599642688,65.07936507936508,56.14272975276214,60.0,48.173332483860065
39112,4.48,55.16141989301198,53.45646727313891,UNCERTAIN,,-2.934115212038506,,1,10,10,False,65.16197041961456,-2.945596830009123,11.958656736164356,1696.6326907893163,40.95913158404031,66.66666666666666,56.55442302631054,70.0,48.1590019812443
39113,4.52,55.19346669332301,52.756194246210576,UNCERTAIN,,-2.9570266507124643,,1,10,10,False,65.1949536540854,-2.968491102375026,11.958656736164356,1697.3279043713555,40.92924668654895,66.82539682539682,56.577596812378516,70.0,48.14469306101561
39114,4.56,53.503886098251925,52.050498284349,UNCERTAIN,,-2.979903459353501,,1,10,10,False,65.2281908834703,-2.9913506446418126,11.958656736164356,1669.5838116884734,40.89913165359354,66.66666666666666,55.65279372294911,60.0,48.13040584709887
39115,4.6,55.18145836605344,51.33409143004109,UNCERTAIN,,0.46158765479928476,,1,10,10,False,65.26168171969684,-3.0141752603880434,11.958656736164356,1699.4104078655855,40.8687868367923,66.82539682539682,56.64701359551951,70.0,48.116140462257476
39116,4.64,46.6682604034634,50.61928359768515,UNCERTAIN,,3.907368378752718,,2,10,10,False,50.348517607430814,10.820367626602021,11.958656736164356,2290.1289794734007,54.38105717404523,35.55555555555556,76.33763264911335,10.0,56.762729766626265
39117,4.68,46.75223845689894,49.868816644107035,UNCERTAIN,,7.3574197138304065,,2,10,10,False,50.22835503194816,10.814631793438707,11.958656736164356,2284.6266273486563,54.489932070889346,35.87301587301587,76.15422091162188,10.0,56.75914487089919
39118,4.72,46.778420409779145,49.28405086702407,UNCERTAIN,,10.811722518648672,,2,10,10,False,50.10825664644073,10.808854695668941,11.958656736164356,2275.505826371485,54.59874880755417,36.03174603174603,75.85019421238283,10.0,56.75553418479309
39119,4.76,46.685825031094666,48.533589558718035,UNCERTAIN,,10.80592441317485,,2,10,10,False,49.98822291356423,10.803035958885019,11.95865673616384,2266.4433783848904,54.70750696484441,35.714285714285715,75.54811261282967,10.0,56.751897474303135
39120,4.8,46.62397198534203,47.78017705584673,UNCERTAIN,,10.800084477499485,,2,10,10,False,49.8682543001786,10.797175204706733,11.958656736164356,2263.5337249535623,54.81620611975539,35.3968253968254,75.45112416511874,10.0,56.748234502941706
39121,4.84,46.45403218511012,46.97684708978779,UNCERTAIN,,10.794202331211995,,2,10,10,False,49.74835127739263,10.791272050737248,11.958656736164356,2262.8206051860066,54.924845845432735,34.6031746031746,75.42735350620022,10.0,56.74454503171078
39122,4.88,46.20893380269318,46.02484967880744,UNCERTAIN,,10.788277589860549,,2,10,10,False,49.628514320609085,10.78532611051898,11.958656736164356,2255.016670758834,55.033425711131464,33.65079365079365,75.16722235862781,10.0,56.740828819074366
39123,4.92,46.1966970792671,45.78222653848568,UNCERTAIN,,10.782309864906345,,2,10,10,False,49.50874390957043,10.779336993479234,11.958656736164356,2254.106955692038,55.141945282174554,33.49206349206349,75.13689852306793,10.0,56.73708562092452
39124,4.96,46.1558841933395,45.529875071917424,UNCERTAIN,,10.776298763675651,,2,10,10,False,49.38904052840498,10.773304304889919,11.958656736164356,2247.4864690898826,55.25040411991109,33.33333333333333,74.91621563632943,10.0,56.7333151905562
39125,5.0,46.15251665886724,45.254950099860984,UNCERTAIN,,10.77024388931088,,2,10,10,False,49.26940466567371,10.767227645814472,11.958656736164356,2240.423039847323,55.35880178167396,33.33333333333333,74.68076799491075,10.0,56.72951727863405
39126,5.04,43.86392650554465,44.98481243499836,UNCERTAIN,,10.764144840723429,,2,10,9,False,49.14983681441749,10.761106613059894,11.958656736164356,1855.6846955682558,55.46713782073689,31.746031746031743,61.856156518941866,10.0,56.725691633162434
39127,5.08,43.757489434289326,44.71405953571118,UNCERTAIN,,10.75800121254284,,2,10,9,False,49.03033747220494,10.754940799129429,11.958656736164356,1843.8894682693417,55.57541178627127,31.428571428571427,61.46298227564473,10.0,56.72183799945589
39128,5.12,43.75678271960226,44.45789661339749,UNCERTAIN,,10.751812595067562,,2,10,9,False,48.91090714118086,10.748729792167566,11.958656736164356,1837.3718954906126,55.68362322330211,31.428571428571427,61.245729849687095,10.0,56.71795612010473
39129,5.16,43.72402085807988,44.22120425494409,UNCERTAIN,,10.745578574215067,,2,10,9,False,48.79154632811515,10.74247317591336,11.95865673616384,1856.1939595252334,55.791771672663806,30.793650793650794,61.87313198417444,10.0,56.71404573494585
39130,5.2,43.47932074510185,43.99034997656886,UNCERTAIN,,10.73929873146973,,2,10,9,False,48.672255544452376,10.736170529649911,11.958656736164356,1824.6965354591048,55.89985667095524,30.317460317460316,60.82321784863682,10.0,56.7101065810312
39131,5.24,43.44417305274314,43.39063801930282,UNCERTAIN,,10.73297264383168,,2,10,9,False,48.55303530636184,10.729821428148085,11.958656736164356,1819.2412858046828,56.00787775049435,30.158730158730158,60.64137619348943,10.0,56.70613839259255
39132,5.28,43.374937193895775,43.59044213599913,UNCERTAIN,,10.726599883765147,,2,10,9,False,48.43388613478834,10.723425441615362,11.958656736164356,1814.909653329043,56.115834439272206,29.841269841269842,60.49698844430144,10.0,56.7021409010096
39133,5.32,43.38007711734599,43.97345917577036,UNCERTAIN,,10.720180019144276,,2,10,9,False,48.31480855550337,10.716982135647228,11.958656736164356,1809.5849407079277,56.22372626090654,29.841269841269842,60.31949802359758,10.0,56.69811383477952
39134,5.36,43.36862550125234,44.22140195990175,UNCERTAIN,,10.713712613200848,,2,10,9,False,48.195803099157075,10.71049107116643,11.958656736164356,1800.9467365269193,56.33155273459476,29.841269841269842,60.031557884230644,10.0,56.69405691947902
39135,5.4,43.42644573876434,44.4695511829511,NONE,,0.7271854522499233,,2,10,9,False,48.07687030133069,10.70395180437437,11.958656736164356,1798.231248916869,56.439313375066355,30.0,59.941041630562296,10.0,56.68996987773398
39136,5.44,38.959340706147046,44.721423175169264,NONE,,15.562570646513674,,2,10,9,False,48.40156678135501,-29.222683202188335,54.873449961226996,1726.6419377138627,56.145117818535574,28.888888888888886,57.55473125712876,10.0,31.73582299863229
39137,5.48,48.550166059223045,44.9903628952711,NONE,,29.913314185442665,,2,10,9,False,47.62313874899165,70.05852291270223,101.22497157164922,1725.0930745945288,56.85042287199088,29.20634920634921,57.503102486484295,10.0,93.78657682043891
39138,5.52,48.46013098279936,45.2635389200394,NONE,,39.2391061014162,,2,10,9,False,46.86632246869296,68.1134652268824,98.72355441468,1718.2855004776975,57.53614631056144,28.888888888888886,57.276183349256584,10.0,92.5709157668015
39139,5.56,46.732802843865954,45.552855765589506,NONE,,58.30496456538327,,2,10,9,False,46.33291003015664,48.00711946826851,79.29993071660653,1712.8790224241202,58.019451732301405,29.04761904761905,57.09596741413734,10.0,80.00444966766781
39140,5.6,46.73457339619444,45.755873578274254,NONE,,52.30056648672938,,2,10,9,False,45.81023502289353,47.04075065367995,79.2999307166073,1710.8744583250436,58.493028361881706,28.888888888888886,57.02914861083479,10.0,79.40046915854997
39141,5.64,46.74648476469791,46.95779195847185,NONE,,46.52391489019143,,2,10,9,False,45.29866912735923,46.04093059808669,79.29993071660653,1704.192693783556,58.956539433290956,28.888888888888886,56.80642312611853,10.0,78.77558162380419
39142,5.68,46.70659738632384,47.71067884378962,NONE,,45.506579046168255,,2,10,9,False,44.79859291801778,45.00685884073057,79.29993071660653,1704.291038110643,59.40964012198333,28.57142857142857,56.80970127035477,10.0,78.1292867754566
39143,5.72,46.7222853499628,49.05560613912899,NONE,,44.454634659851976,,2,10,9,False,44.310395405882495,43.937776092175795,79.2999307166073,1700.9336621309012,59.851977959365584,28.57142857142857,56.69778873769671,10.0,77.46111005760987
39144,5.76,46.846739340496995,49.5871905873388,NONE,,40.71425085317334,,2,10,9,False,43.834473482455664,42.83297310841483,79.29993071660653,1696.8570697383038,60.28319333662275,29.04761904761905,56.561902324610124,10.0,76.77060819275927
39145,5.8,45.81629086956295,50.14459473543216,NONE,,36.29458356183889,,2,10,9,False,43.489146867218196,31.07939537137213,70.82317927273208,1692.3736922549542,60.59608110105761,29.04761904761905,56.41245640849848,10.0,69.42462210710758
39146,5.84,57.7916460636235,50.75123999955059,NONE,,31.204385533648313,,2,10,9,False,42.32424627827194,104.84105300516276,183.1214272739173,1800.5057692720811,61.65155474537434,43.17460317460318,60.01685897573604,30.0,100.0
39147,5.88,52.46108836257765,51.35887539798268,NONE,,33.47454625703028,,2,10,9,False,42.06227978961179,23.576983979413484,66.42699954481998,1793.9573024203655,61.88891296040031,42.857142857142854,59.79857674734552,30.0,64.73561498713343
39148,5.92,55.09846825021947,51.96583609392704,UNCERTAIN,,38.68149187742864,,2,10,9,False,41.48546183403465,51.9136160019427,52.141417146638176,1790.5094472688743,62.411546527124706,42.22222222222222,59.6836482422958,30.0,82.44601000121419
39149,5.96,54.929179437740814,52.56909138713158,UNCERTAIN,,44.82456033564297,,2,10,10,False,40.908715413446146,51.90717785296556,52.141417146638176,2144.4658940241898,62.93411527862294,39.84126984126984,71.48219646747299,20.0,82.44198615810348
39150,6.0,55.148980759919525,53.17452695302507,UNCERTAIN,,51.90367858558331,,2,10,9,False,40.33204359668781,51.90046350825014,52.141417146638176,1777.8369037158218,63.45661643433035,41.42857142857143,59.26123012386073,30.0,82.43778969265634
39151,6.04,54.01254601328727,53.58979790762697,UNCERTAIN,,51.89680986163161,,2,10,10,False,39.755449630252535,51.893456979174815,52.14141714663839,2041.557711928438,63.979047052719,36.98412698412699,68.05192373094793,20.0,82.43341061198424
39152,6.08,54.02619817737938,54.28434645773468,UNCERTAIN,,51.88963976198256,,2,10,10,False,39.17893695129547,51.88614110613592,52.141417146638176,2028.9569152319664,64.50140401950878,36.666666666666664,67.63189717439889,20.0,82.42883819133496
39153,6.12,54.030013116030275,54.007860356974696,UNCERTAIN,,51.88215043463163,,2,10,10,False,38.60250920180248,51.87849745436935,52.141417146638176,2006.4629284499972,65.02368403483011,36.507936507936506,66.8820976149999,20.0,82.42406090898085
39154,6.16,53.94566090477838,54.20049152402519,UNCERTAIN,,51.87432268905782,,2,10,10,False,38.026170244037516,51.87050619884644,52.141417146638176,1990.1563801228667,65.54588359922741,35.87301587301587,66.33854600409556,20.0,82.41906637427903
39155,6.2,53.98751214068472,54.19957168656691,UNCERTAIN,,51.86613587425942,,2,10,10,False,37.44992417740552,51.862145996879576,52.141417146638176,1975.292965078342,66.06799899838042,35.714285714285715,65.84309883594473,20.0,82.41384124804974
39156,6.24,51.82999079571967,54.246938783079194,UNCERTAIN,,51.85756774366336,,2,10,10,False,36.87377535688394,51.85339384694231,52.141417146638176,1615.8057647898422,66.59002628640401,33.65079365079365,53.8601921596614,20.0,82.40837115433894
39157,6.28,54.1508734708555,54.04758816271657,UNCERTAIN,,51.848594305262225,,2,10,9,False,36.297728413195216,51.84422493198511,52.141417146638176,1534.552403816746,67.11196126757063,37.93650793650794,51.151746793891526,30.0,82.40264058249069
39158,6.32,54.473812854503606,54.13292707956694,UNCERTAIN,,51.83918965511829,,2,10,9,False,35.72178827491475,51.83461244524189,52.141417146638176,1520.3911745312435,67.63379947627912,38.88888888888889,50.67970581770812,30.0,82.39663277827617
39159,6.36,54.77266236718378,54.21872878706159,UNCERTAIN,,51.82932579209368,,2,10,9,False,35.1459601927336,51.82452739630385,52.14141714663839,1517.2999392613165,68.1555361550711,39.523809523809526,50.57666464204388,30.0,82.39032962268989
39160,6.4,55.08743020071996,54.30857118217875,UNCERTAIN,,51.8189724113515,,2,10,9,False,34.57024976612422,51.81393839484386,52.141417146638176,1509.4717055394394,68.67716623047025,40.317460317460316,50.31572351798131,30.0,82.38371149677741
39161,6.44,55.497584595888206,54.30086192148617,UNCERTAIN,,51.808096673817744,,2,10,9,False,33.994662972690705,51.802811409016414,52.141417146638176,1504.8645766466725,69.198684286389,41.42857142857143,50.16215255488908,30.0,82.37675713063526
39162,6.48,52.75677331556809,54.32782563905631,UNCERTAIN,,51.79666294835645,,2,10,10,False,33.41920620052285,51.791109495106866,52.141417146638176,1582.7805737058225,69.72008453481378,34.285714285714285,52.75935245686075,20.0,82.36944343444179
39163,6.52,55.03661301549169,54.35704878921023,UNCERTAIN,,51.78463252291756,,2,10,9,False,32.843886283917755,51.778792494458656,52.141417146638176,1564.8457396780432,70.24136078343896,37.142857142857146,52.16152465593478,30.0,82.36174530903666
39164,6.56,55.05581866731524,54.20627241639008,UNCERTAIN,,51.77196328033421,,2,10,9,False,32.26871054288344,51.76581669308831,52.141417146638176,1553.5344452053541,70.76250639987413,36.82539682539683,51.78448150684514,30.0,82.35363543318019
39165,6.6,55.1081218574361,54.05095988595054,UNCERTAIN,,51.758609333749845,,2,10,9,False,31.693686826898073,51.752134438683015,52.141417146638176,1540.9276611088608,71.28351427199533,36.666666666666664,51.36425537029537,30.0,82.34508402417688
39166,6.64,53.85314977646741,53.88150290019208,UNCERTAIN,,51.744520615852885,,2,10,9,False,31.118823563467302,51.7376937087694,52.141417146638176,1227.2062273377396,71.80437676394921,37.301587301587304,40.90687424459132,30.0,82.33605856798087
39167,6.68,54.31107675152644,53.71427587231684,UNCERTAIN,,51.72964241513193,,2,10,9,False,30.54412981210207,51.722437622870814,52.14141714663839,1208.4700603972815,72.32508566724559,38.88888888888889,40.28233534657605,30.0,82.32652351429425
39168,6.72,52.180668597566765,53.52047190635625,UNCERTAIN,,51.713914851228544,,2,10,10,False,29.969615324433132,51.70630389020449,52.141417146638176,1210.188307080336,72.84563214628996,35.714285714285715,40.339610236011204,20.0,82.3164399313778
39169,6.76,52.34155699701364,53.68196530978526,UNCERTAIN,,51.69727228011276,,2,10,10,False,29.395290611287916,51.689224183069484,52.141417146638176,1203.5272516629266,73.3660066776076,35.87301587301587,40.11757505543089,20.0,82.30576511441842
39170,6.8,52.61006248922925,53.664235088534305,UNCERTAIN,,51.67964261819325,,2,10,10,False,28.821167017684513,51.67112342430627,52.141417146638176,1194.6101693296278,73.88619898189424,36.507936507936506,39.82033897765426,20.0,82.29445214019142
39171,6.84,52.73917853808206,53.61535653130952,UNCERTAIN,,51.66094657254625,,2,10,10,False,28.247256806849038,51.65191897519275,52.141417146638176,1189.59352456126,74.40619794789103,36.507936507936506,39.65311748537533,20.0,82.28244935949547
39172,6.88,53.08070586621722,53.696928477177956,UNCERTAIN,,51.64109676213217,,2,10,10,False,27.673573254542188,51.6315197076165,52.141417146638176,1179.4748128946376,74.92599154691875,37.46031746031746,39.31582709648792,20.0,82.26969981726032
39173,6.92,53.17193700436111,54.203432252697304,UNCERTAIN,,51.61999671208786,,2,10,10,False,27.100130755193153,51.60982494141315,52.141417146638176,1174.8898139385383,75.44556673671372,37.301587301587304,39.16299379795128,20.0,82.2561405883832
39174,6.96,54.69469415671626,54.680762119024564,UNCERTAIN,,51.59753969981481,,2,10,10,False,26.52694494159172,51.586723224129045,52.141417146638176,1164.5868605057312,75.96490935297919,36.98412698412699,38.81956201685771,30.0,82.24170201508066
39175,7.0,54.823850360480215,55.35565865234522,UNCERTAIN,,51.573607427515064,,2,10,10,False,25.9540328201906,51.56209092610055,52.14141714663839,1159.734278817732,76.48400398679294,36.98412698412699,38.6578092939244,30.0,82.22630682881285
39176,7.04,54.46927598061781,56.029744635438895,UNCERTAIN,,51.54806849086735,,2,10,10,False,25.381412924430407,51.5357906184175,52.141417146638176,1199.452583350625,77.00283384568502,40.15873015873016,39.98175277835417,20.0,82.20986913651093
39177,7.08,56.08698520785735,56.69446471213488,UNCERTAIN,,51.520776607494504,,2,10,10,False,24.80910548893238,51.5076691948223,52.141417146638176,1192.4089004835532,77.5213805958082,40.15873015873016,39.746963349451775,30.0,82.19229324676395
39178,7.12,59.93119508269953,57.36178444828721,UNCERTAIN,,51.49156856146231,,2,10,9,False,24.237132647925296,51.47755569063765,52.141417146638176,1027.546285300301,78.03962418215065,52.22222222222223,34.251542843343366,40.0,82.17347230664853
39179,7.16,60.03903514745358,58.01738624696676,UNCERTAIN,,51.46026181094416,,2,10,9,False,23.665518661903388,51.445258741971784,52.141417146638176,1026.581267513975,78.55754262316947,52.06349206349207,34.21937558379916,40.0,82.15328671373236
39180,7.2,60.279426997414554,58.6799016479526,UNCERTAIN,,51.42665169493542,,2,10,9,False,23.094290177277333,51.4105636163449,52.141417146638176,1012.5099902239781,79.07511177553052,52.6984126984127,33.75033300746594,40.0,82.13160226021557
39181,7.24,60.43058879413784,59.22146901493289,UNCERTAIN,,51.39050816095377,,2,10,9,False,22.52347652471303,51.373228730787375,52.141417146638176,1004.4742734404899,79.59230506379453,52.85714285714286,33.48247578134966,40.0,82.10826795674213
39182,7.28,60.586703409581055,59.754576745589816,UNCERTAIN,,51.35157191829157,,2,10,9,False,21.953110062994018,51.332981554711026,52.14141714663839,997.5080368403651,80.10909316885606,53.01587301587302,33.250267894678835,40.0,82.08311347169438
39183,7.32,60.74701537191004,60.32673783882661,UNCERTAIN,,51.309549899653334,,2,10,9,False,21.383226576645985,51.28951377132296,52.141417146638176,991.4679123793103,80.62544366767055,53.17460317460318,33.04893041264368,40.0,82.05594610707685
39184,7.36,60.9479274503717,60.77354397255232,UNCERTAIN,,51.26410988670193,,2,10,9,False,20.81386573729274,51.24247554179199,52.141417146638176,985.7066621483755,81.14132061523652,53.492063492063494,32.85688873827918,40.0,82.02654721361998
39185,7.4,61.12212181619119,60.91577202021023,UNCERTAIN,,51.214874120545566,,2,10,9,False,20.24507164085961,51.191468678981735,52.141417146638176,982.6435994963231,81.65668405785541,53.65079365079365,32.75478664987744,40.0,81.99466792436357
39186,7.44,61.19350256047981,61.06929090668894,UNCERTAIN,,51.161411674426304,,2,10,9,False,19.676893435414215,51.13603849008559,52.141417146638176,871.832644772996,82.17148946426805,55.55555555555556,29.061088159099867,40.0,81.9600240563035
39187,7.48,61.221143128363224,61.20792096323793,UNCERTAIN,,51.10322931003682,,2,10,9,False,19.109386057782594,51.075663986845896,52.141417146638176,863.5139405204936,82.68568705823382,55.23809523809524,28.78379801734979,40.0,81.92228999177867
39188,7.52,61.3352090994595,61.349421200691815,UNCERTAIN,,51.039760467290975,,2,10,9,False,18.542611101291104,51.00974608423403,52.141417146638176,856.7510569696497,83.19922103230166,55.23809523809524,28.55836856565499,40.0,81.88109130264627
39189,7.56,61.44865881256578,61.48369499175376,UNCERTAIN,,50.97035194506024,,2,10,9,False,17.976637842313345,50.93759330799838,52.14141714663839,850.025409021815,83.7120286176935,55.23809523809524,28.33418030072717,40.0,81.83599581749898
39190,7.6,61.63793165459454,61.622056672280195,UNCERTAIN,,50.89424771069939,,2,10,9,False,17.411544460078204,50.858404401162645,52.14141714663794,834.8346239379553,84.2240389790811,55.714285714285715,27.82782079793184,40.0,81.78650275072667
39191,7.64,61.88126178519813,61.83878685906833,UNCERTAIN,,50.810569120114245,,2,10,9,False,16.84741949286262,50.77124704940253,52.14141714663839,846.5303675015457,84.73517189518316,55.87301587301587,28.217678916718192,40.0,81.73202940587657
39192,7.68,61.942987676002424,62.051982406089586,UNCERTAIN,,50.718290625431095,,2,10,9,False,16.284363584841582,50.67503172189344,52.141417146638176,845.9427420766824,85.2453361760087,55.55555555555556,28.19809140255608,40.0,81.6718948261834
39193,7.72,62.12859164358451,62.26941841319606,UNCERTAIN,,50.616209777248834,,2,10,9,False,15.722491592294185,50.56847932926575,52.141417146638176,838.6428823723018,85.75442775450122,55.87301587301587,27.954762745743395,40.0,81.6052995807911
39194,7.76,62.19798890232417,62.49760471630955,UNCERTAIN,,50.502909969998946,,2,10,9,False,15.161935136644923,50.450081008433614,52.141417146638176,832.2048334431238,86.26232737332157,55.714285714285715,27.740161114770796,40.0,81.531300630271
39195,7.8,62.40735553822734,62.71676554855855,UNCERTAIN,,50.37671390030289,,2,10,9,False,14.602845716418223,50.31804782040299,52.141417146638176,814.4135276393754,86.76889776522033,56.34920634920635,27.14711758797918,40.0,81.44877988775188
39196,7.84,63.548689691829274,62.931230750031396,UNCERTAIN,,50.23562506537399,,2,10,9,False,14.045398522605899,50.17024744310918,52.141417146638176,753.2419076780698,87.27398019607348,61.58730158730159,25.10806358926899,40.0,81.35640465194325
39197,7.88,63.68046838044633,63.14487998306044,UNCERTAIN,,50.077253760197266,,2,10,9,False,13.48979714494423,50.00412398955016,52.141417146638176,752.5078598782711,87.7773902006975,61.58730158730159,25.083595329275703,40.0,81.25257749346885
39198,7.92,63.80273464575749,63.3569046803724,UNCERTAIN,,49.89872285314549,,2,10,9,False,12.936279413969489,49.81659578772673,52.14141714663839,750.3859413918944,88.27891228957748,61.58730158730159,25.01286471306315,40.0,81.13537236732921
39199,7.96,63.95937876572512,63.30451456987055,UNCERTAIN,,49.69654701116208,,2,10,9,False,12.385124700722868,49.60392419219591,52.141417146638176,779.5490188934455,88.77829333487249,61.111111111111114,25.98496729644818,40.0,81.00245262012244
39200,8.0,63.96513908644748,63.23912913993782,UNCERTAIN,,49.46647684317379,,2,10,9,False,11.836663099887584,49.36154407517551,52.141417146638176,739.5562394566441,89.27523424991233,61.42857142857143,24.651874648554802,40.0,80.8509650469847
39201,8.04,64.02224123024001,63.02170074011471,UNCERTAIN,,49.203296408275925,,2,10,9,False,11.291287063025395,49.08384331759701,52.141417146638176,734.4713534260482,89.76937944874912,61.26984126984127,24.482378447534938,40.0,80.67740207349813
39202,8.08,64.20172245094297,62.77260336580007,UNCERTAIN,,48.900558389487024,,2,10,9,False,10.749466240268337,48.763874048135264,52.141417146638176,731.0385685022484,90.26030339864548,61.58730158730159,24.36795228340828,40.0,80.47742128008454
39203,8.12,64.42555815294168,62.445049583519506,UNCERTAIN,,48.55023556945322,,2,10,9,False,10.211766550079,48.39297211704031,52.141417146638176,697.9731679732959,90.74749334166499,62.698412698412696,23.26577226577653,40.0,80.2456075731502
39204,8.16,61.31430634998016,62.1045256708234,UNCERTAIN,,48.14225958237668,,2,10,10,False,9.67887485235633,47.96025279504031,52.141417146638176,831.0567550022351,91.23032693927718,53.17460317460318,27.70189183340784,30.0,79.9751579969002
39205,8.2,61.34396648439182,61.76112839376321,UNCERTAIN,,47.66390776003408,,2,10,10,False,9.151631081586432,47.45193936929083,52.14141714663839,825.7931934491353,91.70804315768959,53.01587301587302,27.52643978163784,30.0,79.65746210580676
39206,8.24,59.588848104446825,61.40165102961038,UNCERTAIN,,47.09898594201231,,2,10,10,False,8.631070339822378,46.85046675876489,52.14141714663794,973.6204865052132,92.1797041289446,42.698412698412696,32.454016216840444,30.0,79.28154172422805
39207,8.28,59.41818704645168,61.036905171521425,UNCERTAIN,,46.42673985625659,,2,10,10,False,8.118478285989564,46.13328484495322,52.14141714663839,956.8150173906233,92.64414496470393,42.06349206349206,31.893833913020774,30.0,78.83330302809576
39208,8.32,59.61804430446252,60.639850882037365,UNCERTAIN,,45.62041270787634,,2,10,10,False,7.615464192078259,45.27126845201743,52.141417146638176,961.793996670127,93.0999075627154,42.53968253968254,32.05979988900423,30.0,78.2945427825109
39209,8.36,59.59418142809304,60.22508071169897,UNCERTAIN,,44.64535973324193,,2,10,10,False,7.124057183458595,44.22663077576982,52.141417146638176,957.8301351054306,93.54515340699791,42.38095238095238,31.92767117018102,30.0,77.64164423485613
39210,8.4,59.68196732103524,59.780333930140024,UNCERTAIN,,43.45665099981495,,2,10,10,False,6.64683212945607,42.95025486022724,52.141417146638176,949.5660725397993,93.97754950301409,42.857142857142854,31.65220241799331,30.0,76.84390928764202
39211,8.44,59.64565039589115,59.77699438874759,UNCERTAIN,,41.996184604814,,2,10,10,False,6.187071574886677,41.37844991124531,52.141417146638176,946.7797010380618,94.39412165745294,42.857142857142854,31.559323367935395,30.0,75.86153119452833
39212,8.48,59.58818878938006,58.86027195645139,UNCERTAIN,,40.189579818927484,,2,10,10,False,5.74896709853097,39.429402872013625,52.14141714663828,948.0149890859393,94.79107203471125,42.857142857142854,31.600499636197977,30.0,74.64337679500852
39213,8.52,59.25758975643125,57.99539306965753,UNCERTAIN,,37.943673465123105,,2,10,10,False,5.337853635950706,37.000211632223774,52.141417146638176,928.9023533987693,95.16356684559445,42.38095238095238,30.963411779958978,30.0,73.12513227013986
39214,8.56,59.2244804068823,57.06940263875291,UNCERTAIN,,35.146498418158735,,2,10,10,False,4.960446642117265,33.966629445009694,52.14141714663828,950.706364520287,95.50552146296857,42.53968253968254,31.690212150676235,30.0,71.22914340313106
39215,8.6,59.08859677423429,56.040423595323546,UNCERTAIN,,31.67324506521946,,2,10,10,False,4.625004978524067,30.189749723387862,52.141417146638176,936.4277107229027,95.80945283572943,43.333333333333336,31.21425702409676,30.0,68.86859357711741
39216,8.64,61.27423185327086,54.92227882538592,NONE,,29.531325160927086,,2,10,10,False,4.34126731785455,25.536389460256512,52.141417146638176,1016.8087464244127,96.06653711019759,51.90476190476191,33.89362488081375,30.0,65.96024341266032
39217,8.68,50.343297296837534,53.71439168328799,NONE,,28.87183644213767,,2,10,10,False,7.579829957883,-291.4706376025605,316.52209314915797,1009.2992219167663,93.13219443370284,51.42857142857142,33.64330739722555,30.0,0.0
39218,8.72,49.21030146292041,52.744428559195114,NONE,,29.880603292453156,,2,10,10,False,10.990831840336984,-306.9901694208586,316.5220931491579,999.8810993675179,90.04161089223376,50.79365079365079,33.32936997891726,30.0,0.0
39219,8.76,48.30630187559636,51.7119222218215,NONE,,32.776745847250915,,2,10,10,False,14.452691409613161,-311.5673612348559,316.52209314915814,991.4079954590125,86.90494706841173,51.11111111111111,33.046933181967084,30.0,0.0
39220,8.8,47.270295783310075,50.6322473216658,NONE,,35.67288840204868,,2,10,10,False,17.935984375195105,-313.4963669023749,316.5220931491578,989.444823100981,83.74886323130823,50.79365079365079,32.98149410336603,30.0,0.0
39221,8.84,46.17644418884148,50.503591774644086,NONE,,38.56903095684643,,2,10,10,False,21.43026187706944,-314.48497516869026,316.5220931491581,984.4462193395739,80.58282670926178,50.317460317460316,32.8148739779858,30.0,0.0
39222,8.88,45.18732161586007,50.02593344646835,NONE,,41.465173511644196,,2,10,10,False,24.930905615703274,-315.057936477045,316.52209314915814,984.8664968027915,77.41102197387858,50.15873015873016,32.82888322675972,30.0,0.0
39223,8.92,48.006092906776594,49.329230384310755,NONE,,44.36131606644196,,2,10,9,False,28.435564485433204,-315.4192982756937,316.52209314915774,978.829856561797,74.23557927565922,59.36507936507937,32.62766188539323,40.0,0.0
39224,8.96,47.19811274089677,49.80611243608656,NONE,,47.25745862123972,,2,10,9,False,31.942916937533298,-315.6617206890084,316.52209314915814,976.1607868970186,71.05769602137227,60.0,32.53869289656729,40.0,0.0
39225,9.0,46.301490954562944,50.11065736789421,NONE,,50.15360117603748,,2,10,9,False,35.45216353676978,-315.83219393128354,316.52209314915814,971.7393820440793,67.87809654992489,60.317460317460316,32.391312734802646,40.0,0.0
39226,9.04,57.68061384262157,50.642129736955525,NONE,,41.43460378549443,,2,10,9,False,34.84663225890051,54.49781500823413,61.5946491716296,922.969679194317,68.42674620352203,55.714285714285715,30.7656559731439,40.0,84.06113438014631
39227,9.08,53.35669683612555,50.8773905510868,NONE,,26.96537096265205,,2,10,9,False,34.72515006132642,10.933397781668646,64.77758715498953,916.0339150346699,68.53681676148192,54.761904761904766,30.534463834488996,40.0,56.8333736135429
39228,9.12,52.9137951073797,51.35338590507589,NONE,,19.803027178001447,,2,11,9,False,34.82705452124565,-9.171401392730942,137.8008337736222,933.767990945149,68.44448487264636,54.285714285714285,31.125599698171634,50.0,44.26787412954316
39229,9.16,56.06588191814721,52.122254100955644,NONE,,3.8769903075965395,,2,11,9,False,34.57202899552527,22.952297314833956,25.050877258283396,916.2558147815816,68.67555413604964,54.920634920634924,30.541860492719387,50.0,64.34518582177122
39230,9.2,52.86484064461225,52.56888643262835,NONE,,7.847981505736374,,2,11,9,False,34.67432157856289,-9.206332473385501,121.29378568408809,932.2019293991434,68.58287058310978,53.96825396825397,31.073397646638114,50.0,44.24604220413406
39231,9.24,54.6839703043321,53.080576584166884,NONE,,4.898852395494462,,2,10,9,False,34.37635088329369,26.817362574227985,27.703747253185522,912.3212688710173,68.85285088754061,53.80952380952381,30.410708962367245,40.0,66.7608516088925
39232,9.28,50.093425552885385,53.644589014450894,NONE,,-1.0459183187569288,,2,10,9,False,34.60932774811256,-20.967917833698593,137.18540825269284,926.6613569278034,68.64175910607426,53.333333333333336,30.888711897593446,40.0,36.89505135393838
39233,9.32,51.8883884367105,53.23922590129349,NONE,,7.635258635490683,,2,10,9,False,34.61851425413669,-0.8267855421716064,69.17214213863154,924.3801324445303,68.63343555032726,53.01587301587302,30.812671081484343,40.0,49.48325903614275
39234,9.36,54.413739966417104,53.18047795710327,NONE,,-1.1688807155681324,,2,10,9,False,34.33497675031886,25.518375343604944,25.527435916857527,904.1914807228077,68.89033847002256,53.333333333333336,30.139716024093588,40.0,65.9489845897531
39235,9.4,53.36568088684916,53.140497962846815,NONE,,1.4534158626649507,,2,10,8,False,34.42830113731894,-8.399194830007275,80.83141426102078,710.2107481588973,68.80578067016798,59.84126984126984,23.67369160529658,50.0,44.75050323124545
39236,9.44,53.33839455935907,52.97292767514048,NONE,,-1.4742192466071735,,2,10,8,False,34.544731487549676,-10.47873152076626,80.83141426102097,742.1378835523446,68.70028740556394,60.0,24.737929451744822,50.0,43.45079279952109
39237,9.48,53.06964011797105,53.07021797699144,NONE,,-11.4966209831924,,2,10,8,False,34.684035109541455,-12.537325979260103,80.83141426102078,742.4952230774979,68.57406950940579,59.84126984126984,24.749840769249932,50.0,42.164171262962434
39238,9.52,52.81625648473277,53.00392962488414,NONE,,-13.541056370314557,,2,10,8,False,34.84593768290519,-14.571231602735963,80.83141426102092,738.7558654349177,68.42737553332407,59.84126984126984,24.625195514497257,50.0,40.89298024829002
39239,9.56,52.65172150584295,53.44516792524596,NONE,,-15.55917059909838,,2,10,8,False,35.030125864888475,-16.5769363784959,80.83141426102083,737.5959871881041,68.26048938567962,60.15873015873016,24.586532906270136,50.0,39.63941476344006
39240,9.6,52.43403517630228,53.73306226993598,NONE,,-12.574430688221447,,2,10,8,False,35.23625018084294,-18.55118843590155,80.83141426102078,734.3451398035504,68.07372771261741,60.317460317460316,24.478171326785013,50.0,38.40550722756153
39241,9.64,54.05503846567112,53.617977276828505,NONE,,-9.081789209340378,,2,10,8,False,35.24289869568463,-0.5983663357523739,2.766341215385271,730.2283297444719,68.06770373747668,60.15873015873016,24.34094432481573,50.0,49.62602104015477
39242,9.68,54.03232426682371,53.60526824984411,NONE,,-5.088296047931209,,2,10,8,False,35.24957275887587,-0.6006656872116878,2.766341215385271,726.0914302285746,68.06165661391464,60.15873015873016,24.20304767428582,50.0,49.624583945492695
39243,9.72,53.888510079044515,53.511565392929704,NONE,,-0.601814056129566,,2,10,8,False,35.25627235590764,-0.602963732859223,2.766341215385124,721.5454203683876,68.05558635507737,59.682539682539684,24.051514012279583,50.0,49.623147666962986
39244,9.76,55.38828515722738,53.62449469645117,NONE,,-0.6041114448734497,,2,10,8,False,35.26299747222647,-0.6052604686949792,2.766341215385271,721.909102657446,68.04949297415126,59.682539682539684,24.0636367552482,60.0,49.62171220706564
39245,9.8,55.3431205729907,54.431718754476236,NONE,,-0.6064075218167453,,2,10,8,False,35.26974809323456,-0.6075558907279088,2.766341215385271,721.2227222970414,68.04337648436285,59.523809523809526,24.04075740990138,60.0,49.62027756829506
39246,9.84,53.03272004912742,55.31448296657419,OPEN_PLAY,,-0.6087022829778377,,2,10,9,False,35.27652420428995,-0.6098499949848701,2.766341215385271,829.3952769435236,68.03723689897868,54.12698412698413,27.64650923145079,50.0,49.618843753134456
39247,9.88,53.21317256303628,56.28664397083552,OPEN_PLAY,,-0.6109957243880615,,2,10,9,False,35.283325790706655,-0.6121427775035926,2.766341215385124,826.2159897753954,68.03107423130513,54.920634920634924,27.540532992513185,50.0,49.61741076406025
39248,9.92,52.21396027638627,57.220805751365646,OPEN_PLAY,,-0.6132878420928201,,2,10,9,False,35.29015283775483,-0.6144342343358744,2.766341215385271,823.6130382833962,68.02488849468844,56.98412698412698,27.453767942779873,40.0,49.61597860354008
39249,9.96,54.42479176022873,58.2334289329762,OPEN_PLAY,,0.9003025455108504,,2,10,9,False,35.29700533066091,-0.6167243615469431,2.766341215385271,807.4646437373813,68.01867970251436,60.15873015873016,26.915488124579372,50.0,49.61454727403316
39250,10.0,62.502945181033525,59.35766332243143,OPEN_PLAY,,3.92977510798839,,2,10,9,False,31.11119053284677,376.7233318032725,385.2624574901524,810.9590888933926,71.81129277268221,57.61904761904761,27.031969629779756,50.0,100.0
39251,10.04,63.24489205101836,58.97474166026789,OPEN_PLAY,,8.47512951391819,,2,10,9,False,26.955193362230776,374.03974535543944,385.2624574901525,804.8412495285011,75.57688918585603,56.19047619047619,26.828041650950034,50.0,100.0
39252,10.08,64.0999672274382,58.53095318849387,OPEN_PLAY,,14.536365430894945,,2,10,9,False,22.845292814607816,369.8910492860664,385.2624574901524,800.0455350767261,79.30071914176919,55.23809523809524,26.668184502557533,50.0,100.0
39253,10.12,65.26497983203272,58.22047674883976,OPEN_PLAY,,20.5976013478717,,2,10,9,False,18.811726134006385,363.02100125412886,385.2624574901525,797.8950415871168,82.95538578402751,55.55555555555556,26.596501386237225,50.0,100.0
39254,10.16,66.1838024461503,57.71198543140019,OPEN_PLAY,,26.658837264848454,,2,10,9,False,14.916546458959989,350.5661707541757,385.2624574901524,785.7758247681231,86.48466504261957,55.23809523809524,26.192527492270774,50.0,100.0
39255,10.2,67.37932275250729,57.06448160898544,OPEN_PLAY,,32.720073181825214,,2,10,9,False,11.30373204519333,325.15329723899924,385.2624574901524,796.7275464047962,89.75810350743114,55.87301587301587,26.557584880159872,50.0,100.0
39256,10.24,50.79322521126479,56.15714688482624,OPEN_PLAY,,38.78130909880197,,2,11,9,False,14.164443023387307,-257.4639880374579,293.19935969034503,1301.6938145294434,87.16611834565646,42.53968253968254,43.38979381764811,50.0,0.0
39257,10.28,50.0176589117025,54.499296164695544,NONE,,44.84254501577872,,2,11,9,False,17.167255854224134,-270.2531547753145,293.19935969034526,1293.9518446618522,84.44537991369174,42.857142857142854,43.13172815539507,50.0,0.0
39258,10.32,49.307002773278136,52.71230135729164,NONE,,50.903780932755474,,2,11,9,False,20.24905035685261,-277.36150523656283,293.1993596903448,1303.4856505610546,81.65307908940689,43.17460317460318,43.44952168536849,50.0,0.0
39259,10.36,47.111276753761395,50.99422449118342,NONE,,56.96501684973224,,2,11,8,False,23.378613015588964,-281.6606392862719,293.1993596903455,1066.2213861827117,78.81749729309068,42.53968253968254,35.540712872757055,50.0,0.0
39260,10.4,44.44391440740935,48.98118020794599,NONE,,63.026252766708986,,2,10,8,False,26.53905032399108,-284.4393577561905,293.1993596903448,1060.1178434208878,75.95394111054019,41.42857142857143,35.33726144736293,40.0,0.0
39261,10.44,43.53677507031833,46.32165935157273,NONE,,69.08748868368573,,2,10,8,False,29.72051441436284,-286.33176813345824,293.19935969034503,1059.582950590051,73.07133333302586,41.269841269841265,35.31943168633504,40.0,0.0
39262,10.48,42.60873653946514,43.488742881657,NONE,,75.14872460066249,,2,10,8,False,32.916909049874654,-287.67551719606337,293.19935969034503,1063.6164080621832,70.1751975368633,40.95238095238095,35.45388026873944,40.0,0.0
39263,10.52,41.80095436217161,41.962987782164596,NONE,,81.20996051763925,,2,10,8,False,36.124271136307286,-288.6625877789368,293.19935969034526,1076.4243526441444,67.2691245361855,40.95238095238095,35.88081175480482,40.0,0.0
39264,10.56,43.48304483413942,40.426685221162415,NONE,,87.271196434616,,2,11,9,False,39.33991825423027,-289.4082406130686,293.19935969034503,1279.7207249085068,64.35554477273035,41.11111111111111,42.657357496950226,50.0,0.0
39265,10.6,41.10844843318362,38.300407192464604,NONE,,93.33243235159276,,2,10,9,False,42.56197259007092,-289.9848902256588,293.199359690345,1295.8375670892215,61.436159664416046,40.79365079365079,43.194585569640715,40.0,0.0
39266,10.64,34.269552169671236,38.21209918692077,NONE,,99.39366826856951,,2,6,6,False,45.78908158780574,-290.43980979613355,293.1993596903453,406.67081467122625,58.51219471258475,28.730158730158728,13.55569382237421,50.0,0.0
39267,10.68,33.38432511351846,38.37910415595064,NONE,,105.45490418554627,,2,6,6,False,49.02024697958859,-290.80488526045673,293.1993596903448,405.2838215314441,55.58455441107186,28.730158730158728,13.509460717714806,50.0,0.0
39268,10.72,32.484164017356015,38.634952007988694,NONE,,111.51614010252302,,2,7,6,False,52.254716290621566,-291.1022379929677,293.199359690345,401.08963398377455,52.65392054965821,28.730158730158728,13.36965446612582,50.0,0.0
39269,10.76,31.582028179676268,38.99610507264729,NONE,,117.57737601949978,,2,7,6,False,55.49191179510029,-291.34759540308545,293.1993596903453,396.6487043585803,49.720816584478946,28.730158730158728,13.221623478619343,50.0,0.0
39270,10.8,23.791666428904428,39.50306603497831,NONE,,123.63861193647654,,2,6,6,False,58.73138270231158,-291.5523816490156,293.1993596903455,394.05137101134824,46.78565096044467,7.142857142857142,13.135045700378276,40.0,0.0
39271,10.84,46.05158068723532,40.63876732776613,NONE,,128.16771210580407,,2,7,6,False,57.25659974884556,132.73046581194166,133.9973313027335,394.43085075997806,48.12189763526097,28.57142857142857,13.1476950253326,50.0,100.0
39272,10.88,46.44797403576786,41.746954847989166,NONE,,131.16330641719088,,2,7,6,False,55.7825646517531,132.6631587383215,133.9973313027335,393.57537628927435,49.45746670488115,28.57142857142857,13.119179209642478,50.0,100.0
39273,10.92,46.606949294775,43.685647565098826,NONE,,132.62387274726552,,2,7,6,False,54.30933830482493,132.59037122353547,133.99733130273293,353.21675857941955,50.79230299567767,28.41269841269841,11.773891952647318,50.0,100.0
39274,10.96,46.94257331536826,45.690974741395614,NONE,,132.5477154106763,,2,7,6,False,52.836988357988666,132.51149521526344,133.9973313027335,379.98156936914177,52.126345212535476,27.61904761904762,12.666052312304727,50.0,100.0
39275,11.0,47.88448591014386,47.63501474822798,NONE,,132.46507561164424,,2,7,6,False,51.365590175037724,132.4258364655848,133.9973313027335,393.13520157295716,53.45952507108896,29.523809523809526,13.104506719098572,50.0,100.0
39276,11.04,57.11146034759331,49.82547692491789,NONE,,132.37520023852255,,2,10,9,False,49.89522795790224,132.3325995421933,133.99733130273353,1357.0083149971979,54.79176627906145,45.55555555555556,45.2336104999066,50.0,100.0
39277,11.08,54.40669867585992,52.55029721211733,NONE,,132.27722420405053,,2,10,9,False,48.4259960720017,132.2308697310487,133.9973313027335,1313.9607350472781,56.12298333541177,40.0,43.798691168242605,40.0,100.0
39278,11.12,57.533864774987165,53.579760605597734,NONE,,132.17014998818397,,2,10,9,False,46.95800061558642,132.11959107737528,133.99733130273293,1384.9849738895605,57.453080108411626,43.492063492063494,46.16616579631868,50.0,100.0
39279,11.16,57.44825122907994,54.62643990484916,NONE,,132.05282271638066,,2,10,9,False,45.49136128667399,131.9975396021186,133.9973313027335,1343.6857381233888,58.78194814408302,42.38095238095238,44.789524604112955,50.0,100.0
39280,11.2,55.81264409934448,55.744133974948134,OPEN_PLAY,,131.92389963342941,,2,10,9,False,44.02621361495199,131.86329045498007,133.9973313027335,1308.341893612661,60.109464643953146,40.95238095238095,43.61139645375536,40.0,100.0
39281,11.24,57.8675742999552,55.66704942603872,OPEN_PLAY,,131.78181249787772,,2,10,9,False,42.56271164384928,131.71517739924377,133.9973313027335,1315.9568864667783,61.435490034928186,41.42857142857143,43.86522954889261,50.0,100.0
39282,11.28,56.48950987529769,55.50754991003416,OPEN_PLAY,,131.62472097523036,,2,10,9,False,41.1010311712363,131.55124253516846,133.99733130273353,1292.6275333961817,62.759865033013625,40.79365079365079,43.08758444653939,40.0,100.0
39283,11.32,58.4051414090001,54.57909605383486,NONE,,131.45045450740685,,2,10,9,False,39.641373687774866,131.3691735115291,133.99733130273322,1280.5283017492484,64.08240707492028,41.11111111111111,42.68427672497494,50.0,100.0
39284,11.36,59.00812562678496,53.87279478641498,NONE,,131.2564393220491,,2,10,9,False,38.18397119240058,131.16622458368604,133.9973313027335,1274.2761648864443,65.40290595493241,42.06349206349206,42.47587216288148,50.0,100.0
39285,11.4,60.01927813596261,52.905497798313576,NONE,,100.61162576322818,,2,10,9,False,36.72909211842488,130.93911665781272,133.99733130273322,1286.3028055777454,66.72111845548436,44.285714285714285,42.876760185924844,50.0,100.0
39286,11.44,46.0175587284555,51.83368403770376,NONE,,70.00774190642403,,2,8,8,False,36.62940335953727,8.971988299884828,11.867024682383445,1388.5051602340022,66.81144277898366,24.761904761904763,46.283505341133406,30.0,55.60749268742802
39287,11.48,45.970491718088944,51.13078605051236,NONE,,39.449970144580675,,2,8,8,False,36.5299184919338,8.953638084312487,11.867024682383445,1374.0274495970089,66.90158236407804,24.761904761904763,45.80091498656696,30.0,55.596023802695306
39288,11.52,45.97001407320186,50.254146867372334,NONE,,8.944312311384515,,2,8,8,False,36.43063918597477,8.93513753631268,11.867024682383445,1360.9450979638436,66.99153569731533,24.92063492063492,45.36483659879479,30.0,55.58446096019543
39289,11.56,45.93108346682132,49.68800637841139,NONE,,8.925735263915229,,2,8,8,False,36.33156712680779,8.916485325028063,11.867024682383445,1356.0592803140376,67.08130125184522,24.761904761904763,45.201976010467924,30.0,55.57280332814254
39290,11.6,45.92630091777031,49.01151129361582,NONE,,8.907005878146368,,2,8,8,False,36.23270401447437,8.897680110007684,11.867024682383445,1350.0807941568323,67.17087748732247,24.761904761904763,45.00269313856108,30.0,55.5610500687548
39291,11.64,44.586486101762226,48.862237031070855,NONE,,8.888122808860075,,2,8,8,False,36.13405156401618,8.878720541237044,11.867024682383445,1372.3482963584574,67.26026284981084,12.857142857142856,45.74494321194858,40.0,55.54920033827315
39292,11.68,47.37786825304751,48.52925297439443,NONE,,8.869084701293168,,2,9,8,False,36.03561150558099,8.859605259167509,11.867024682383445,1290.710927921114,67.34945577168699,25.555555555555554,43.02369759737047,40.0,55.53725328697969
39293,11.72,47.34790410227499,49.3278626530201,NONE,,8.849890191170715,,2,9,8,False,35.937385584528094,8.840332894760436,11.867024682383445,1271.8030126712606,67.4384546715449,25.71428571428571,42.393433755708685,40.0,55.52520805922527
39294,11.76,49.69582400776631,50.18337091058874,NONE,,10.363631174582864,,2,9,9,False,35.83937556153345,8.82090206951787,11.867024682383445,1958.6453470116912,67.52725795410079,21.26984126984127,65.28817823372304,40.0,55.513063793448666
39295,11.8,50.28720039145329,50.605133130278865,NONE,,16.2018396787418,,2,9,9,False,35.67344573403472,14.933684474885638,15.075955800411375,1945.3488703224393,67.67760087725902,21.428571428571427,64.84496234408131,40.0,59.333552796803524
39296,11.84,57.21683447624534,51.24096851866464,NONE,,18.504958164937513,,2,11,9,False,35.31552974208135,32.21243927580325,71.60007852754575,1284.666759408035,68.00189541360912,43.492063492063494,42.822225313601166,60.0,70.13277454737702
39297,11.88,56.023469455845564,51.88350130173624,NONE,,19.535733307812553,,2,11,9,False,35.11494299941976,18.052806839543294,18.10655245451728,1276.772682822766,68.18363969487021,43.96825396825397,42.55908942742553,60.0,61.28300427471456
39298,11.92,55.6008748719635,52.639220174488564,NONE,,20.08333853513248,,2,11,9,False,34.97112074785289,12.94400264101803,14.720686877641922,1264.3521052671354,68.31395175534605,44.285714285714285,42.14507017557118,60.0,58.09000165063627
39299,11.96,56.23659080891275,52.82867983708612,NONE,,3.58641276477643,,2,11,9,False,34.780852910251056,17.124105384165347,41.54033832246788,1271.0286524569212,68.48634645567971,44.920634920634924,42.36762174856404,60.0,60.70256586510334
39300,12.0,51.031160709483245,53.03021580450885,NONE,,1.3050417516266322,,2,11,9,False,35.1561336192024,-33.77526380562095,109.0582886758029,1212.6439969396567,68.14631838695244,44.761904761904766,40.421466564655226,60.0,28.890460121486903
39301,12.04,53.56110812745062,53.050212276017454,UNCERTAIN,,0.2984825154994297,,2,10,9,False,35.05694114379191,8.927322786944103,10.47690940586212,1196.6944864935622,68.23619304621845,45.07936507936508,39.889816216452076,50.0,55.579576741840064
39302,12.08,53.636694314629565,53.02252044744574,UNCERTAIN,,-1.7555120535314828,,2,10,9,False,34.95785485827514,8.917765696509221,10.476909405861777,1198.667704768318,68.32597149072141,45.23809523809524,39.955590158943934,50.0,55.57360356031826
39303,12.12,53.65511257479005,52.411126182232984,UNCERTAIN,,8.912905443340335,,2,10,9,False,34.85887566818579,8.908127108041697,10.47690940586212,1181.2781799050192,68.41565289999053,45.55555555555556,39.375939330167306,50.0,55.56757944252606
39304,12.16,49.6513842042182,52.215737805778055,UNCERTAIN,,8.903225263823167,,2,9,9,False,34.760004488387274,8.89840618186632,10.47690940586212,1167.4032525132625,68.50523644510164,35.714285714285715,38.91344175044208,40.0,55.56150386366645
39305,12.2,49.76633571134775,52.0549747392281,UNCERTAIN,,8.893462317302667,,2,9,9,False,34.66124224317755,8.888602068875429,10.476909405861777,1153.4622587028798,68.59472128858232,36.34920634920635,38.44874195676266,40.0,55.555376293047146
39306,12.24,49.935781665869534,51.847863690752924,UNCERTAIN,,8.883615749853586,,2,9,9,False,34.56258986639502,8.878713910427223,10.47690940586212,1205.9832586436496,68.6841065843159,35.87301587301587,40.19944195478832,40.0,55.549196194017014
39307,12.28,49.954898448592786,52.07419349480772,UNCERTAIN,,8.8736846979657,,2,9,9,False,34.46404830152563,8.868740838245373,10.47690940586212,1196.7000087674933,68.77339147744436,36.03174603174603,39.89000029224978,40.0,55.542963023903354
39308,12.32,49.880103293692336,52.095954249149564,UNCERTAIN,,8.863668288443733,,2,9,9,False,34.36561850181102,8.858681974314777,10.476909405861777,1184.5150718130412,68.86257510427052,35.87301587301587,39.48383572710137,40.0,55.536676233946736
39309,12.36,53.67880893838637,52.111596306643726,UNCERTAIN,,8.8535656383044,,2,10,9,False,34.267301430357826,8.848536430787561,10.47690940586212,1162.911064229209,68.95165659215878,45.3968253968254,38.763702140973635,50.0,55.53033526924223
39310,12.4,53.67171807336399,52.124367463857205,UNCERTAIN,,8.843375854674562,,2,10,9,False,34.16909806024816,8.838303309869886,10.47690940586212,1148.4095462688479,69.0406350594352,45.55555555555556,38.280318208961596,50.0,55.52393956866868
39311,12.44,53.751258227210705,52.41207984277548,UNCERTAIN,,8.833098034690199,,2,10,9,False,34.071009374651204,8.827981703726024,10.476909405861777,1135.3691099927996,69.12950961528628,46.03174603174603,37.84563699975998,50.0,55.51748856482877
39312,12.48,53.74711835814081,52.68849080524552,UNCERTAIN,,8.822731265390562,,2,10,9,False,33.9730363669359,8.817570694377324,10.47690940586212,1121.4736500053637,69.2182793596569,46.19047619047619,37.38245500017879,50.0,55.510981683985825
39313,12.52,53.82223717955261,52.94602567051523,UNCERTAIN,,8.812274623616982,,2,10,9,False,33.87518004078491,8.807069353589014,10.47690940586212,1107.5649492085709,69.30694338314707,46.666666666666664,36.918831640285696,50.0,55.50441834599313
39314,12.56,53.824399004559595,53.20556831914451,UNCERTAIN,,8.801727175908312,,2,10,9,False,33.77744141030963,8.796476742775567,10.476909405861777,1094.9459747005767,69.39550076690767,46.82539682539682,36.49819915668589,50.0,55.49779796423473
39315,12.6,53.808366461351795,53.461351722439396,UNCERTAIN,,8.791087978395087,,2,10,9,False,33.67982150016639,8.78579191289134,10.47690940586212,1078.6963097451826,69.48395058253524,46.98412698412698,35.95654365817275,50.0,55.49111994555709
39316,12.64,53.103932751237586,53.389013566753825,UNCERTAIN,,8.780356076696254,,2,10,9,False,33.5823213456739,8.775013904324425,10.47690940586212,1075.5683196742957,69.57229189196555,44.12698412698413,35.852277322476525,50.0,55.48438369020276
39317,12.68,53.083267260988045,53.328393080341606,UNCERTAIN,,8.769530505813972,,2,10,9,False,33.484941992931745,8.764141746793683,10.476909405861777,1058.4086553175457,69.66052374736613,44.285714285714285,35.28028851058485,50.0,55.477588591746056
39318,12.72,53.02620004910617,53.26677460777149,UNCERTAIN,,8.758610290026976,,2,10,9,False,33.38768449894012,8.753174459246438,10.47690940586212,1041.913562962971,69.74864519102798,44.285714285714285,34.730452098765696,50.0,55.470734037029025
39319,12.76,53.06941023214421,53.206693139961054,UNCERTAIN,,8.747594442785545,,2,10,9,False,33.29054993172075,8.742111049743357,10.47690940586212,1029.6094187720778,69.83665525525575,44.60317460317461,34.32031395906926,50.0,55.4638194060896
39320,12.8,52.94950413323086,53.0036181251866,UNCERTAIN,,8.736481966606462,,2,10,9,False,33.193539370438984,8.7309505153587,10.476909405861777,1016.436612462036,69.92455296225744,44.285714285714285,33.881220415401195,50.0,55.45684407209919
39321,12.84,52.81075107015958,52.88573930207721,UNCERTAIN,,8.725271852963985,,2,10,9,False,33.09665390552701,8.719691842077353,10.47690940586212,999.5030541383226,70.01233732403243,43.96825396825397,33.31676847127742,50.0,55.449807401298344
39322,12.88,52.94427223641727,52.8850650465674,UNCERTAIN,,8.713963082186247,,2,10,9,False,32.999894638808385,8.70833400467653,10.47690940586212,997.3505219380154,70.10000734225888,44.44444444444444,33.24501739793384,50.0,55.44270875292283
39323,12.92,53.01183655636933,52.94712863441555,UNCERTAIN,,8.702554623347503,,2,10,9,False,32.90326268362358,8.696875966632405,10.476909405861777,989.9519283134787,70.18756200817987,44.761904761904766,32.99839761044929,50.0,55.43554747914526
39324,12.96,53.02614074441555,53.008655321100626,UNCERTAIN,,8.691045434160856,,2,10,9,False,32.80675916495687,8.685316680003723,10.47690940586212,979.8466969519859,70.27500030248846,44.920634920634924,32.6615565650662,50.0,55.42832292500233
39325,13.0,51.38533700225923,53.0769586931313,UNCERTAIN,,8.679434460872741,,2,9,9,False,32.71038521956431,8.673655085330765,10.47690940586212,978.4113816034751,70.36232119521175,44.285714285714285,32.613712720115835,40.0,55.42103442833173
39326,13.04,52.409853127246876,53.15098304695328,UNCERTAIN,,8.667720638155494,,2,9,9,False,32.61414199610293,8.661890111524073,10.476909405861777,964.0173385512435,70.44952364559379,48.57142857142857,32.13391128504145,40.0,55.41368131970255
39327,13.08,53.800275395234024,53.22468528069805,UNCERTAIN,,8.655902889000231,,2,10,9,False,32.518030655261114,8.650020675763415,10.47690940586212,952.9723825591846,70.5366066019774,48.25396825396825,31.76574608530615,50.0,55.406262922352134
39328,13.12,53.84869580541543,53.464767311756596,UNCERTAIN,,8.64398012461054,,2,10,9,False,32.422052369890196,8.638045683382671,10.47690940586212,941.7902358471247,70.62356900168514,48.57142857142857,31.393007861570823,50.0,55.398778552114166
39329,13.16,53.82158750120905,53.70290670070853,UNCERTAIN,,8.63195124429696,,2,10,9,False,32.32620832513717,8.625964027772,10.476909405861777,931.3846598957298,70.71040977089879,48.57142857142857,31.046155329857662,50.0,55.3912275173575
39330,13.2,53.84584051347426,53.934981428277005,UNCERTAIN,,8.619815135368594,,2,10,9,False,32.23049971857862,8.613774590269756,10.47690940586212,923.3242231470649,70.79712782453822,48.73015873015873,30.777474104902165,50.0,55.3836091189186
39331,13.24,53.95770247800785,54.297650918315036,UNCERTAIN,,8.607570673028384,,2,10,9,False,32.13492776035584,8.601476240049948,10.47690940586212,908.9855238783384,70.8837220661388,49.36507936507937,30.29951746261128,50.0,55.375922650031214
39332,13.28,53.833930938168066,54.81604870580915,UNCERTAIN,,8.595216720268004,,2,10,9,False,32.039493673311156,8.589067834021833,10.476909405861777,895.1487301010702,70.97019138772805,49.047619047619044,29.838291003369005,50.0,55.368167396263644
39333,13.32,55.69173544286222,55.24259816205642,UNCERTAIN,,8.58275212775986,,2,11,9,False,31.944198693125262,8.57654821673048,10.47690940586212,882.3986975806538,71.05653466970104,50.63492063492063,29.41328991935513,60.0,55.36034263545655
39334,13.36,55.80194490384056,55.5390423601144,UNCERTAIN,,8.570175733754457,,2,11,9,False,31.84904406845596,8.563916220237182,10.47690940586212,867.7584413049117,71.14275078069481,51.269841269841265,28.92528137683039,60.0,55.35244763764824
39335,13.4,55.79673328719085,55.846283605830145,UNCERTAIN,,8.557486363975677,,2,11,9,False,31.754031061077868,8.551170664028334,10.476909405862095,853.853321411365,71.22883857746172,51.42857142857142,28.461777380378834,60.0,55.34448166501771
39336,13.44,57.37817462487199,56.16367318047765,UNCERTAIN,,8.54468283151495,,2,11,9,False,31.65916094602335,8.538310354906713,10.476909405861807,673.1617280433293,71.31479690474174,61.26984126984127,22.438724268110978,60.0,55.33644397181669
39337,13.48,57.60611045218862,56.47708546922738,UNCERTAIN,,8.531763936729808,,2,11,9,False,31.564435011724598,8.525334086887568,10.47690940586212,690.0330132989657,71.4006245951338,61.74603174603175,23.001100443298856,60.0,55.328333804304734
39338,13.52,57.52844660221416,56.78910088642504,UNCERTAIN,,8.518728467140617,,2,11,9,False,31.469854560156858,8.512240641096618,10.476909405862095,685.4770088557416,71.48632046896594,61.42857142857143,22.849233628524722,60.0,55.320150400685385
39339,13.56,57.35760577192974,56.975098196832455,UNCERTAIN,,8.50557519732833,,2,11,9,False,31.37542090698273,8.49902878567157,10.476909405861807,678.1688249221916,71.5718833341646,60.79365079365079,22.605627497406385,60.0,55.31189299104473
39340,13.6,57.535590754004424,57.02378189575641,UNCERTAIN,,8.492302888833771,,2,11,9,False,31.281135381697645,8.485697275657564,10.47690940586212,669.2075283498598,71.65731198612278,61.58730158730159,22.30691761166199,60.0,55.303560797285975
39341,13.64,57.63026239697911,57.103256704132626,UNCERTAIN,,8.478910290057877,,2,11,9,False,31.18699932777643,8.472244852909334,10.476909405862095,659.4669727751334,71.74260520756728,62.06349206349206,21.98223242583778,60.0,55.29515303306833
39342,13.68,57.60678797847102,57.18950074753585,UNCERTAIN,,8.465396136162013,,2,11,9,False,31.093014102820952,8.45867024599304,10.476909405861807,649.9172193017366,71.82776176842492,62.06349206349206,21.663907310057887,60.0,55.28666890374565
39343,13.72,57.70188748437965,57.16075198421712,UNCERTAIN,,8.451759148970295,,2,11,9,False,30.99918107870886,8.444972170088114,10.47690940586212,640.2833161613889,71.9127804256877,62.53968253968254,21.342777205379633,60.0,55.27810760630507
39344,13.76,56.06589866305714,57.04169521092541,UNCERTAIN,,8.437998036873342,,2,10,9,False,30.90550164174341,8.43114932689069,10.476909405862095,639.9979920975002,71.9976599232772,61.904761904761905,21.333266403250008,50.0,55.26946832930668
39345,13.8,56.2759398299497,56.92711835309779,UNCERTAIN,,8.424111494732038,,2,10,9,False,30.81197719280428,8.417200404521523,10.476909405861807,637.5008839700622,72.08239899190775,62.698412698412696,21.25002946566874,50.0,55.26075025282595
39346,13.84,56.755642604354996,56.82102837364701,UNCERTAIN,,8.410098203783924,,2,10,9,False,30.718609147499528,8.403124077427826,10.47690940586212,641.3279412600714,72.16699634894891,64.44444444444444,21.37759804200238,50.0,55.25195254839239
39347,13.88,56.831661808029736,56.71232353199869,UNCERTAIN,,8.395956831551032,,2,10,9,False,30.625398936318465,8.388919006295659,10.476909405862095,635.8578502454566,72.25145069828682,64.76190476190476,21.195261674848553,50.0,55.243074378934786
39348,13.92,57.03318946504718,56.5980840446498,OPEN_PLAY,,6.291656730420652,,2,10,9,False,30.532348004785586,8.374583837959122,10.476909405861807,631.6910244588344,72.33576073018484,65.55555555555556,21.056367481961143,50.0,55.23411489872445
39349,13.96,56.17742917268815,56.505025830040495,UNCERTAIN,,4.190875711063695,,2,10,9,False,30.532348004785586,0.0,0.0,625.4989208852694,72.33576073018484,65.39682539682539,20.84996402950898,50.0,50.0
39350,14.0,56.15352430828251,56.5410808994584,UNCERTAIN,,2.0936459594897805,,2,10,9,False,30.532348004785586,0.0,0.0,620.7179480041432,72.33576073018484,65.39682539682539,20.69059826680477,50.0,50.0
39351,14.04,56.084526018520556,56.694155848867354,UNCERTAIN,,0.0,,2,10,9,False,30.532348004785586,0.0,0.0,614.8547979882587,72.33576073018484,65.23809523809524,20.49515993294196,50.0,50.0
39352,14.08,56.23113265422453,56.838937018587295,UNCERTAIN,,0.0,,2,10,9,False,30.532348004785586,0.0,0.0,620.3666013195307,72.33576073018484,65.71428571428571,20.678886710651025,50.0,50.0
39353,14.12,56.25938854879248,56.943819947377754,UNCERTAIN,,0.0,,2,10,9,False,30.532348004785586,0.0,0.0,626.01778023312,72.33576073018484,65.71428571428571,20.867259341104,50.0,50.0
39354,14.16,56.490089403159324,57.04727016536852,UNCERTAIN,,0.0,,2,10,9,False,30.532348004785586,0.0,0.0,632.4754114239495,72.33576073018484,66.5079365079365,21.082513714131647,50.0,50.0
39355,14.2,58.1345483173945,57.147732087317614,UNCERTAIN,,0.0,,2,10,8,False,30.532348004785586,0.0,0.0,621.6846545884437,72.33576073018484,67.3015873015873,20.72282181961479,60.0,50.0
39356,14.24,57.902798055964624,57.026311150799415,UNCERTAIN,,0.0,,2,10,8,False,30.532348004785586,0.0,0.0,615.0171419850085,72.33576073018484,66.5079365079365,20.500571399500284,60.0,50.0
39357,14.28,58.01331386658898,56.92098069257509,UNCERTAIN,,0.0,,2,10,8,False,30.532348004785586,0.0,0.0,613.3107803003568,72.33576073018484,66.98412698412697,20.44369267667856,60.0,50.0
39358,14.32,58.01423774984053,56.827718881410334,UNCERTAIN,,0.0,,2,10,8,False,30.532348004785586,0.0,0.0,605.5590490141585,72.33576073018484,67.14285714285714,20.185301633805285,60.0,50.0
39359,14.36,58.07306442391896,56.7352520901858,UNCERTAIN,,0.0,,2,10,8,False,30.532348004785586,0.0,0.0,601.4513679568281,72.33576073018484,67.46031746031747,20.04837893189427,60.0,50.0
39360,14.4,58.23873252843615,56.64935517719045,UNCERTAIN,,0.0,,2,10,8,False,30.532348004785586,0.0,0.0,594.9024491777272,72.33576073018484,68.25396825396825,19.830081639257575,60.0,50.0
39361,14.44,54.720377934469774,56.4475753990131,UNCERTAIN,,0.0,,2,9,7,False,30.532348004785586,0.0,0.0,516.6283557812767,72.33576073018484,61.74603174603175,17.220945192709223,50.0,50.0
39362,14.48,54.88955880959082,56.12480883944976,UNCERTAIN,,0.0,,2,9,7,False,30.532348004785586,0.0,0.0,518.7184990594542,72.33576073018484,62.38095238095238,17.29061663531514,50.0,50.0
39363,14.52,54.965384284543255,55.83432685387248,UNCERTAIN,,0.0,,2,9,7,False,30.532348004785586,0.0,0.0,518.0105781769253,72.33576073018484,62.698412698412696,17.267019272564173,50.0,50.0
39364,14.56,55.12153115953018,55.7282566180553,UNCERTAIN,,0.0,,2,9,7,False,30.532348004785586,0.0,0.0,517.4939214282786,72.33576073018484,63.33333333333333,17.24979738094262,50.0,50.0
39365,14.6,55.228625592848296,55.754382650176375,UNCERTAIN,,0.0,,2,9,7,False,30.532348004785586,0.0,0.0,515.1032842823788,72.33576073018484,63.8095238095238,17.170109476079293,50.0,50.0
39366,14.64,54.06873206503113,55.77536191772103,UNCERTAIN,,0.0,,2,9,8,False,30.532348004785586,0.0,0.0,559.3150549094207,72.33576073018484,64.28571428571429,18.643835163647356,40.0,50.0
39367,14.68,54.26134960263447,55.66336664540279,UNCERTAIN,,0.0,,2,9,8,False,30.532348004785586,0.0,0.0,558.1560227475493,72.33576073018484,65.07936507936508,18.60520075825164,40.0,50.0
39368,14.72,54.41701422903729,55.7190627418093,UNCERTAIN,,0.0,,2,9,8,False,30.532348004785586,0.0,0.0,557.5429162820819,72.33576073018484,65.71428571428571,18.5847638760694,40.0,50.0
39369,14.76,56.740471036782736,55.76123563937134,UNCERTAIN,,0.0,,2,10,8,False,30.532348004785586,0.0,0.0,555.5676111645043,72.33576073018484,69.04761904761905,18.518920372150145,50.0,50.0
39370,14.8,58.3277501352934,55.98662216043749,UNCERTAIN,,0.0,,2,9,7,False,30.532348004785586,0.0,0.0,557.1504149936209,72.33576073018484,69.36507936507937,18.571680499787362,60.0,50.0
39371,14.84,58.32481563445484,55.883942615603665,UNCERTAIN,,0.0,,2,9,7,False,30.532348004785586,0.0,0.0,556.5635148259098,72.33576073018484,69.36507936507937,18.55211716086366,60.0,50.0
39372,14.88,56.89478926061731,55.77542808060943,UNCERTAIN,,0.0,,2,9,8,False,30.532348004785586,0.0,0.0,610.2407797409433,72.33576073018484,68.57142857142857,20.341359324698107,50.0,50.0
39373,14.92,55.388731091347964,55.763899243250336,UNCERTAIN,,0.0,,2,8,8,False,30.532348004785586,0.0,0.0,609.0291458870743,72.33576073018484,68.57142857142857,20.300971529569143,40.0,50.0
39374,14.96,55.395633580335264,55.868759946878136,UNCERTAIN,,0.0,,2,8,8,False,30.532348004785586,0.0,0.0,610.4096436845339,72.33576073018484,68.57142857142857,20.3469881228178,40.0,50.0
39375,15.0,57.6700225373371,55.96098375734379,UNCERTAIN,,0.0,,2,10,9,False,30.532348004785586,0.0,0.0,612.9064827039474,72.33576073018484,77.61904761904762,20.43021609013158,40.0,50.0
39376,15.04,53.88937662152421,56.15021213119521,UNCERTAIN,,0.0,,2,9,9,False,30.532348004785586,0.0,0.0,609.158251922323,72.33576073018484,68.57142857142857,20.30527506407743,30.0,50.0
39377,15.08,53.92645117291746,56.21471066794717,UNCERTAIN,,0.0,,2,9,9,False,30.532348004785586,0.0,0.0,608.6366542644646,72.33576073018484,68.73015873015873,20.287888475482152,30.0,50.0
39378,15.12,53.930386016721975,56.27323633145048,UNCERTAIN,,0.0,,2,9,10,False,30.532348004785586,0.0,0.0,625.2966388983832,72.33576073018484,68.41269841269842,20.843221296612775,30.0,50.0
39379,15.16,55.51967804616806,56.456713868591464,UNCERTAIN,,0.0,,2,9,8,False,30.532348004785586,0.0,0.0,611.4090130415689,72.33576073018484,69.04761904761905,20.38030043471896,40.0,50.0
39380,15.2,55.52369995462509,56.964592939102175,UNCERTAIN,,0.0,,2,9,8,False,30.532348004785586,0.0,0.0,612.2133947329748,72.33576073018484,69.04761904761905,20.407113157765828,40.0,50.0
39381,15.24,59.0112115229998,57.50206985345585,UNCERTAIN,,0.0,,2,10,8,False,30.532348004785586,0.0,0.0,612.8903115825196,72.33576073018484,76.98412698412699,20.429677052750655,50.0,50.0
39382,15.28,59.101732576316955,57.98747360241837,UNCERTAIN,,0.0,,2,10,8,False,30.532348004785586,0.0,0.0,615.121506372936,72.33576073018484,77.3015873015873,20.5040502124312,50.0,50.0
39383,15.32,59.02712359649446,58.793222663122684,UNCERTAIN,,0.0,,2,10,8,False,30.532348004785586,0.0,0.0,616.0727262814526,72.33576073018484,76.98412698412699,20.535757542715086,50.0,50.0
39384,15.36,59.09651970630929,59.57168693681464,UNCERTAIN,,0.0,,2,10,9,False,30.532348004785586,0.0,0.0,629.9519482444175,72.33576073018484,76.98412698412699,20.99839827481392,50.0,50.0
39385,15.4,61.4832799374764,60.34213455128986,UNCERTAIN,,0.0,,2,10,8,False,30.532348004785586,0.0,0.0,632.7008198746644,72.33576073018484,80.47619047619048,21.09002732915548,60.0,50.0
39386,15.44,61.8453565525794,60.99098281447768,UNCERTAIN,,0.0,,2,10,8,False,30.532348004785586,0.0,0.0,586.0685238476472,72.33576073018484,82.85714285714286,19.535617461588238,60.0,50.0
39387,15.48,63.49486752488736,61.63996881478122,UNCERTAIN,,0.0,,2,11,8,False,30.532348004785586,0.0,0.0,608.0342103727307,72.33576073018484,83.01587301587303,20.267807012424356,70.0,50.0
39388,15.52,63.55836534997587,61.8340377655499,UNCERTAIN,,0.0,,2,11,8,False,30.532348004785586,0.0,0.0,604.8607595174162,72.33576073018484,83.33333333333334,20.162025317247206,70.0,50.0
39389,15.56,63.26802245722103,62.017237677948195,UNCERTAIN,,0.0,,2,11,8,False,30.532348004785586,0.0,0.0,602.3477365220042,72.33576073018484,82.22222222222221,20.078257884066804,70.0,50.0
39390,15.6,63.17575739042463,62.21382806943496,UNCERTAIN,,0.0,,2,11,8,False,30.532348004785586,0.0,0.0,599.7677390357403,72.33576073018484,81.9047619047619,19.99225796785801,70.0,50.0
39391,15.64,63.30585720442189,62.381484272637216,UNCERTAIN,,0.0,,2,11,8,False,30.532348004785586,0.0,0.0,601.978178025669,72.33576073018484,82.38095238095238,20.0659392675223,70.0,50.0
39392,15.68,63.3115319582676,62.02976797607196,UNCERTAIN,,0.0,,2,11,8,False,30.532348004785586,0.0,0.0,603.1131287948101,72.33576073018484,82.38095238095238,20.103770959827003,70.0,50.0
39393,15.72,61.34003893222395,61.635747285469655,UNCERTAIN,,0.0,,2,11,9,False,30.532348004785586,0.0,0.0,604.0526188241747,72.33576073018484,80.47619047619048,20.135087294139158,60.0,50.0
39394,15.76,61.30013152509647,61.110012555012815,UNCERTAIN,,0.0,,2,11,8,False,30.532348004785586,0.0,0.0,596.0711373986796,72.33576073018484,80.47619047619048,19.869037913289322,60.0,50.0
39395,15.8,61.38620829433568,60.887435028197984,UNCERTAIN,,0.0,,2,11,8,False,30.532348004785586,0.0,0.0,597.4134753735052,72.33576073018484,80.7936507936508,19.913782512450172,60.0,50.0
39396,15.84,61.108394144736266,60.64937628529568,UNCERTAIN,,0.0,,2,11,8,False,30.532348004785586,0.0,0.0,621.2157248187023,72.33576073018484,79.2063492063492,20.707190827290077,60.0,50.0
39397,15.88,57.26268437869345,60.3686672736147,UNCERTAIN,,0.0,,2,10,8,False,30.532348004785586,0.0,0.0,620.3277398641085,72.33576073018484,69.84126984126983,20.677591328803615,50.0,50.0
39398,15.92,57.11710826535171,60.001518532263795,UNCERTAIN,,0.0,,2,10,8,False,30.532348004785586,0.0,0.0,622.9585489417914,72.33576073018484,69.2063492063492,20.76528496472638,50.0,50.0
39399,15.96,57.186050759405234,59.52865947140611,UNCERTAIN,,0.0,,2,10,8,False,30.532348004785586,0.0,0.0,620.8740318794798,72.33576073018484,69.52380952380952,20.695801062649327,50.0,50.0
